ref,filename,pdf_pages,size_bytes,git_blob_sha1,version_note,github_url,repository_commit
R05,R05_Yin_1996_Adsorption_Hg_soil.pdf,8,212770,3f2c9377a3f86a7a008330e2da44f5cfcf8d8958,published article,https://github.com/davidlueng986-alt/scihub-papers/blob/811559902d7e7455cccbf8a8af0f4343cc3f3daf/R05_Yin_1996_Adsorption_Hg_soil.pdf,811559902d7e7455cccbf8a8af0f4343cc3f3daf
R07,R07_Shetaya_2019_Sorption_kinetics_196Hg_soil.pdf,32,1929899,26531a9a728ec4e787353645671ec036615d42b7,"accepted manuscript, full methods and figures",https://github.com/davidlueng986-alt/scihub-papers/blob/811559902d7e7455cccbf8a8af0f4343cc3f3daf/R07_Shetaya_2019_Sorption_kinetics_196Hg_soil.pdf,811559902d7e7455cccbf8a8af0f4343cc3f3daf
R10,R10_Skyllberg_2006_Hg_complexation_SOM_EXAFS.pdf,7,180716,cf010f146a00718d69ff7e0a3c592082f1b9f34d,published article,https://github.com/davidlueng986-alt/scihub-papers/blob/811559902d7e7455cccbf8a8af0f4343cc3f3daf/R10_Skyllberg_2006_Hg_complexation_SOM_EXAFS.pdf,811559902d7e7455cccbf8a8af0f4343cc3f3daf
R11,R11_Barrow_Cox_1992_Hg_sorption_II_soil.pdf,8,500569,4bd3118b624efb5b29397b3c90ec5f50878c06c2,"published article with graphs, no machine-readable points",https://github.com/davidlueng986-alt/scihub-papers/blob/811559902d7e7455cccbf8a8af0f4343cc3f3daf/R11_Barrow_Cox_1992_Hg_sorption_II_soil.pdf,811559902d7e7455cccbf8a8af0f4343cc3f3daf
R12,R12_Jing_2007_Hg_desorption_soils.pdf,8,182570,5cc27e2ed3243e456cf36af6e1f0e243a1567757,published article,https://github.com/davidlueng986-alt/scihub-papers/blob/811559902d7e7455cccbf8a8af0f4343cc3f3daf/R12_Jing_2007_Hg_desorption_soils.pdf,811559902d7e7455cccbf8a8af0f4343cc3f3daf
R13,R13_Zwietering_1958_Suspending_solids_agitators.pdf,10,922263,9e07cfb29b46e09dc6802a31a9623f7a8365f0e9,published article scan; OCR header unreliable,https://github.com/davidlueng986-alt/scihub-papers/blob/811559902d7e7455cccbf8a8af0f4343cc3f3daf/R13_Zwietering_1958_Suspending_solids_agitators.pdf,811559902d7e7455cccbf8a8af0f4343cc3f3daf
R15,R15_Bloom_2003_Selective_extractions_Hg.pdf,16,301801,3313017df0488ea3e6a6aeaf829720efdffc52b5,published article,https://github.com/davidlueng986-alt/scihub-papers/blob/811559902d7e7455cccbf8a8af0f4343cc3f3daf/R15_Bloom_2003_Selective_extractions_Hg.pdf,811559902d7e7455cccbf8a8af0f4343cc3f3daf
R16,R16_Song_2018_Thermodynamics_Hg_thiol_NOM.pdf,32,821251,161353b885666cbcb0060fe593d5030c5bb5d59f,accepted manuscript,https://github.com/davidlueng986-alt/scihub-papers/blob/811559902d7e7455cccbf8a8af0f4343cc3f3daf/R16_Song_2018_Thermodynamics_Hg_thiol_NOM.pdf,811559902d7e7455cccbf8a8af0f4343cc3f3daf
R17,R17_Ranz_Marshall_1952_Evaporation_drops_I_and_II.pdf,63,18160575,f409acd409d5314dae948486e5e05aa39c7b3a10,"modern retypeset transcription, not original facsimile",https://github.com/davidlueng986-alt/scihub-papers/blob/811559902d7e7455cccbf8a8af0f4343cc3f3daf/R17_Ranz_Marshall_1952_Evaporation_drops_I_and_II.pdf,811559902d7e7455cccbf8a8af0f4343cc3f3daf
R18,R18_Haitzer_2003_Hg_binding_humic.pdf,6,160647,fd884b3d73419acea9818e4caef6fce60b419203,published article,https://github.com/davidlueng986-alt/scihub-papers/blob/811559902d7e7455cccbf8a8af0f4343cc3f3daf/R18_Haitzer_2003_Hg_binding_humic.pdf,811559902d7e7455cccbf8a8af0f4343cc3f3daf
R19,R19_Milne_2001_NICA_Donnan_parameters.pdf,11,174689,0a32ad157c0b25cb9e581ff105dfd9a946ee346e,published article,https://github.com/davidlueng986-alt/scihub-papers/blob/811559902d7e7455cccbf8a8af0f4343cc3f3daf/R19_Milne_2001_NICA_Donnan_parameters.pdf,811559902d7e7455cccbf8a8af0f4343cc3f3daf
R22,R22_Manceau_Nagy_2019_Thiols_NOM_Hg.pdf,13,7889510,5eaaf32e4045263a954c08200303e3bae3b207bd,published article,https://github.com/davidlueng986-alt/scihub-papers/blob/811559902d7e7455cccbf8a8af0f4343cc3f3daf/R22_Manceau_Nagy_2019_Thiols_NOM_Hg.pdf,811559902d7e7455cccbf8a8af0f4343cc3f3daf
R23,R23_USGS_NFM_6.6_Alkalinity_ANC.pdf,45,663897,f11fe2a2377a7a1b134f3106af76ab277d8fa7ff,"USGS version 4.0, September 2012; repository README mislabels it v3/2006",https://github.com/davidlueng986-alt/scihub-papers/blob/811559902d7e7455cccbf8a8af0f4343cc3f3daf/R23_USGS_NFM_6.6_Alkalinity_ANC.pdf,811559902d7e7455cccbf8a8af0f4343cc3f3daf
R24,R24_Boudreau_1996_Diffusive_tortuosity.pdf,4,404894,b9a39f964ce8767c6264d0c9ead2fc009381a4c2,published article,https://github.com/davidlueng986-alt/scihub-papers/blob/811559902d7e7455cccbf8a8af0f4343cc3f3daf/R24_Boudreau_1996_Diffusive_tortuosity.pdf,811559902d7e7455cccbf8a8af0f4343cc3f3daf
R26,R26_Barrow_Cox_1992_Hg_sorption_I_goethite.pdf,10,578789,844f4e19c94e3f5360bc3d057bb9c821ec581b36,published article,https://github.com/davidlueng986-alt/scihub-papers/blob/811559902d7e7455cccbf8a8af0f4343cc3f3daf/R26_Barrow_Cox_1992_Hg_sorption_I_goethite.pdf,811559902d7e7455cccbf8a8af0f4343cc3f3daf
