ref,citation,cited_url,access_status,local_paths,download_source,still_unavailable,note
R01,NIST. SRM 2711a Montana II Soil Certificate of Analysis. Issue date 14 January 2026.,https://tsapps.nist.gov/srmext/certificates/2711a.pdf,完整證書,papers/R01_NIST_SRM2711a_COA_2026.pdf; derived/R01_NIST_2711a_element_values.csv; derived/R01_particle_size.json,https://tsapps.nist.gov/srmext/certificates/2711a.pdf,,DOI 引文不是 PDF 或原始數據；同作者報告與 Supporting Information 另列，不能視同期刊正文。
R02,"Powell KJ et al. 2005. Chemical speciation of environmentally significant heavy metals with inorganic ligands Part 1. Pure and Applied Chemistry 77, 739–800.",https://doi.org/10.1351/pac200577040739,完整論文,papers/R02_Powell_IUPAC_Hg_2005.pdf; derived/thermodynamic_source_ledger.csv,https://researchportal.murdoch.edu.au/view/pdfCoverPage?download=true&filePid=13136912540007891&instCode=61MUN_INST,,DOI 引文不是 PDF 或原始數據；同作者報告與 Supporting Information 另列，不能視同期刊正文。
R03,Parkhurst DL and Appelo CAJ. 2013. Description of input and examples for PHREEQC version 3. USGS Techniques and Methods 6 A43.,https://doi.org/10.3133/tm6A43,完整手冊,papers/R03_PHREEQC3_USGS_manual_2013.pdf,https://water.usgs.gov/water-resources/software/PHREEQC/,,DOI 引文不是 PDF 或原始數據；同作者報告與 Supporting Information 另列，不能視同期刊正文。
R04,USGS. PHREEQC Version 3 Downloads. Accessed 23 September 2026.,https://water.usgs.gov/water-resources/software/PHREEQC/,完整官方原始碼、資料庫及網頁,software/R04_PHREEQC_3.8.6-17100_source.zip; webpages/R04_PHREEQC_download_page.html,https://water.usgs.gov/water-resources/software/PHREEQC/,,DOI 引文不是 PDF 或原始數據；同作者報告與 Supporting Information 另列，不能視同期刊正文。
R05,"Yin Y, Allen HE, Li Y, Huang CP and Sanders PF. 1996. Adsorption of Mercury(II) by Soil Effects of pH Chloride and Organic Matter. Journal of Environmental Quality 25, 837–844.",https://doi.org/10.2134/jeq1996.00472425002500040027x,原期刊全文（用戶 GitHub）及同作者報告,papers/from_user_github/R05_Yin_1996_Adsorption_Hg_soil.pdf; papers/R05_R06_Yin_Allen_Huang_NJDEP_primary_report_1997.pdf; derived/R05_R06_Yin_report_guide.md; derived/R05_Yin_1996_Table1_soil_characteristics.csv,https://github.com/davidlueng986-alt/scihub-papers/blob/811559902d7e7455cccbf8a8af0f4343cc3f3daf/R05_Yin_1996_Adsorption_Hg_soil.pdf,,DOI 引文不是 PDF 或原始數據；同作者報告與 Supporting Information 另列，不能視同期刊正文。
R06,"Yin Y, Allen HE, Huang CP, Sparks DL and Sanders PF. 1997. Kinetics of Mercury(II) Adsorption and Desorption on Soil. Environmental Science and Technology 31, 496–503.",https://doi.org/10.1021/es9603214,完整論文及同作者報告,papers/R06_Yin_1997_UDEL_author_copy.pdf; papers/R05_R06_Yin_Allen_Huang_NJDEP_primary_report_1997.pdf; derived/R06_Yin_1997_Table1_selected_soils.csv; derived/R06_Yin_1997_Table2_kinetic_parameters.csv; derived/R06_Yin_1997_Table3_OC_regressions.csv,https://www1.udel.edu/soilchem/yinest97.pdf,,DOI 引文不是 PDF 或原始數據；同作者報告與 Supporting Information 另列，不能視同期刊正文。
R07,"Shetaya WH, Huang JH, Osterwalder S, Mestrot A, Bigalke M and Alewell C. 2019. Sorption kinetics of isotopically labelled divalent mercury 196Hg2+ in soil. Chemosphere 221, 193–202.",https://doi.org/10.1016/j.chemosphere.2019.01.034,完整作者接受稿（用戶 GitHub）及 R08 原始資料,papers/from_user_github/R07_Shetaya_2019_Sorption_kinetics_196Hg_soil.pdf; datasets/R08_Shetaya_2019_v1_original_DATA_FILES.zip; datasets/R08_extracted/; datasets/R08_workbook_index.csv,https://github.com/davidlueng986-alt/scihub-papers/blob/811559902d7e7455cccbf8a8af0f4343cc3f3daf/R07_Shetaya_2019_Sorption_kinetics_196Hg_soil.pdf,,DOI 引文不是 PDF 或原始數據；同作者報告與 Supporting Information 另列，不能視同期刊正文。
R08,Shetaya W. 2019. Data for Sorption kinetics of isotopically labelled divalent mercury 196Hg2+ in soil. Mendeley Data version 1.,https://doi.org/10.17632/xw2kr7ykhd.1,完整原始資料版本 1,datasets/R08_Shetaya_2019_v1_original_DATA_FILES.zip; datasets/R08_extracted/; datasets/R08_workbook_index.csv; derived/R08_Shetaya_data_guide.md,https://doi.org/10.17632/xw2kr7ykhd.1,,DOI 引文不是 PDF 或原始數據；同作者報告與 Supporting Information 另列，不能視同期刊正文。
R09,"Haitzer M, Aiken GR and Ryan JN. 2002. Binding of Mercury(II) to Dissolved Organic Matter The Role of the Mercury to DOM Concentration Ratio. Environmental Science and Technology 36, 3564–3570.",https://doi.org/10.1021/es025699i,完整論文及補充資料,papers/R09_Haitzer_2002_author_copy.pdf; supplements/R09/es025699i_si_001.xls,https://www.colorado.edu/faculty/ryan-joseph/sites/default/files/attached-files/binding_of_mercuryii_to_dissolved_organic_matter-_the_role_of_the_mercury-to-dom_concentration_ratio.pdf,,DOI 引文不是 PDF 或原始數據；同作者報告與 Supporting Information 另列，不能視同期刊正文。
R10,"Skyllberg U et al. 2006. Complexation of mercury(II) in soil organic matter: EXAFS evidence for linear two-coordination with reduced sulfur groups. Environ Sci Technol 40, 4174–4180.",https://doi.org/10.1021/es0600577,原期刊全文及原始補充資料（用戶 GitHub）,papers/from_user_github/R10_Skyllberg_2006_Hg_complexation_SOM_EXAFS.pdf; supplements/R10/es0600577_si_001.pdf,https://github.com/davidlueng986-alt/scihub-papers/blob/811559902d7e7455cccbf8a8af0f4343cc3f3daf/R10_Skyllberg_2006_Hg_complexation_SOM_EXAFS.pdf,,DOI 引文不是 PDF 或原始數據；同作者報告與 Supporting Information 另列，不能視同期刊正文。
R11,"Barrow NJ and Cox VC. 1992. The effects of pH and chloride concentration on mercury sorption. II. By a soil. J Soil Sci 43, 305–312.",https://doi.org/10.1111/j.1365-2389.1992.tb00138.x,原期刊全文（用戶 GitHub）；逐點數據仍待數位化,papers/from_user_github/R11_Barrow_Cox_1992_Hg_sorption_II_soil.pdf; derived/R05_R06_R11_external_data_guide.md,https://github.com/davidlueng986-alt/scihub-papers/blob/811559902d7e7455cccbf8a8af0f4343cc3f3daf/R11_Barrow_Cox_1992_Hg_sorption_II_soil.pdf,,DOI 引文不是 PDF 或原始數據；同作者報告與 Supporting Information 另列，不能視同期刊正文。
R12,"Jing YD, He ZL and Yang XE. 2007. Effects of pH, organic acids, and competitive cations on mercury desorption in soils. Chemosphere 69, 1662–1669.",https://doi.org/10.1016/j.chemosphere.2007.05.033,原期刊全文（用戶 GitHub）,papers/from_user_github/R12_Jing_2007_Hg_desorption_soils.pdf,https://github.com/davidlueng986-alt/scihub-papers/blob/811559902d7e7455cccbf8a8af0f4343cc3f3daf/R12_Jing_2007_Hg_desorption_soils.pdf,,DOI 引文不是 PDF 或原始數據；同作者報告與 Supporting Information 另列，不能視同期刊正文。
R13,"Zwietering TN. 1958. Suspending of solid particles in liquid by agitators. Chem Eng Sci 8, 244–253.",https://doi.org/10.1016/0009-2509(58)85031-9,原期刊全文（用戶 GitHub）,papers/from_user_github/R13_Zwietering_1958_Suspending_solids_agitators.pdf,https://github.com/davidlueng986-alt/scihub-papers/blob/811559902d7e7455cccbf8a8af0f4343cc3f3daf/R13_Zwietering_1958_Suspending_solids_agitators.pdf,,DOI 引文不是 PDF 或原始數據；同作者報告與 Supporting Information 另列，不能視同期刊正文。
R14,USGS. PHREEQC version 3 documentation and the minteq.v4.dat thermodynamic database.,https://www.usgs.gov/software/phreeqc-version-3,完整官方資料庫,software/minteq.v4.dat; software/R04_PHREEQC_3.8.6-17100_source.zip; derived/thermodynamic_source_ledger.csv,https://water.usgs.gov/water-resources/software/PHREEQC/,,DOI 引文不是 PDF 或原始數據；同作者報告與 Supporting Information 另列，不能視同期刊正文。
R15,"Bloom NS, Preus E, Katon J and Hiltner M. 2003. Selective extractions to assess the biogeochemically relevant fractionation of inorganic mercury in sediments and soils. Anal Chim Acta 479, 233–248.",https://doi.org/10.1016/S0003-2670(02)01550-7,原期刊全文（用戶 GitHub）,papers/from_user_github/R15_Bloom_2003_Selective_extractions_Hg.pdf,https://github.com/davidlueng986-alt/scihub-papers/blob/811559902d7e7455cccbf8a8af0f4343cc3f3daf/R15_Bloom_2003_Selective_extractions_Hg.pdf,,DOI 引文不是 PDF 或原始數據；同作者報告與 Supporting Information 另列，不能視同期刊正文。
R16,"Song Y, Jiang T, Liem-Nguyen V, Sparrman T, Björn E and Skyllberg U. 2018. Thermodynamics of Hg(II) bonding to thiol groups in Suwannee River natural organic matter. Environ Sci Technol 52, 8292–8301.",https://doi.org/10.1021/acs.est.8b00919,完整作者接受稿及原始補充資料（用戶 GitHub）,papers/from_user_github/R16_Song_2018_Thermodynamics_Hg_thiol_NOM.pdf; supplements/R16/es8b00919_si_001.pdf,https://github.com/davidlueng986-alt/scihub-papers/blob/811559902d7e7455cccbf8a8af0f4343cc3f3daf/R16_Song_2018_Thermodynamics_Hg_thiol_NOM.pdf,,DOI 引文不是 PDF 或原始數據；同作者報告與 Supporting Information 另列，不能視同期刊正文。
R17,"Ranz WE and Marshall WR Jr. 1952. Evaporation from drops, parts I and II. Chemical Engineering Progress 48, 141–146 and 173–180.",https://hero.epa.gov/reference/759741/,2024 年重新排版之兩篇論文文本（用戶 GitHub）；未取得 1952 原刊掃描本,papers/from_user_github/R17_Ranz_Marshall_1952_Evaporation_drops_I_and_II.pdf,https://github.com/davidlueng986-alt/scihub-papers/blob/811559902d7e7455cccbf8a8af0f4343cc3f3daf/R17_Ranz_Marshall_1952_Evaporation_drops_I_and_II.pdf,1952 年 Chemical Engineering Progress 原刊掃描本尚未找到（非模型工作的前置條件）；已有 2024 年重新排版的兩篇全文文本。,DOI 引文不是 PDF 或原始數據；同作者報告與 Supporting Information 另列，不能視同期刊正文。
R18,"Haitzer M, Aiken GR and Ryan JN. 2003. Binding of mercury(II) to aquatic humic substances: Influence of pH and source. Environmental Science & Technology 37, 2436–2441.",https://doi.org/10.1021/es026291o,原期刊全文（用戶 GitHub）,papers/from_user_github/R18_Haitzer_2003_Hg_binding_humic.pdf,https://github.com/davidlueng986-alt/scihub-papers/blob/811559902d7e7455cccbf8a8af0f4343cc3f3daf/R18_Haitzer_2003_Hg_binding_humic.pdf,,DOI 引文不是 PDF 或原始數據；同作者報告與 Supporting Information 另列，不能視同期刊正文。
R19,"Milne CJ, Kinniburgh DG and Tipping E. 2001. Generic NICA–Donnan model parameters for proton binding by humic substances. Environmental Science & Technology 35, 2049–2059.",https://doi.org/10.1021/es000123j,原期刊全文（用戶 GitHub）,papers/from_user_github/R19_Milne_2001_NICA_Donnan_parameters.pdf,https://github.com/davidlueng986-alt/scihub-papers/blob/811559902d7e7455cccbf8a8af0f4343cc3f3daf/R19_Milne_2001_NICA_Donnan_parameters.pdf,,DOI 引文不是 PDF 或原始數據；同作者報告與 Supporting Information 另列，不能視同期刊正文。
R20,"USGS. PHREEQC database listing, phreeqc.dat, Dzombak–Morel HFO surface acid reactions.",https://wwwbrr.cr.usgs.gov/projects/GWC_coupled/phreeqc/html/final-90.html,完整官方反應資料庫；所引舊版網頁未存檔,software/phreeqc.dat; derived/thermodynamic_source_ledger.csv,https://water.usgs.gov/water-resources/software/PHREEQC/,,DOI 引文不是 PDF 或原始數據；同作者報告與 Supporting Information 另列，不能視同期刊正文。
R21,International Humic Substances Society. Isolation of IHSS soil fulvic and humic acids.,https://humic-substances.org/isolation-of-ihss-soil-fulvic-and-humic-acids/,官方方法核對筆記；原網頁未存檔,derived/R21_IHSS_method_note.md,https://humic-substances.org/isolation-of-ihss-soil-fulvic-and-humic-acids/,,DOI 引文不是 PDF 或原始數據；同作者報告與 Supporting Information 另列，不能視同期刊正文。
R22,"Manceau A and Nagy KL. 2019. Thiols in natural organic matter: Molecular forms, acidity, and reactivity with mercury(II) from first-principles calculations and spectroscopy. ACS Earth and Space Chemistry 3, 2795–2807.",https://doi.org/10.1021/acsearthspacechem.9b00278,原期刊全文及原始補充資料（用戶 GitHub）,papers/from_user_github/R22_Manceau_Nagy_2019_Thiols_NOM_Hg.pdf; supplements/R22/sp9b00278_si_001.pdf; supplements/R22/sp9b00278_si_002.avi; supplements/R22/sp9b00278_si_003.avi; supplements/R22/sp9b00278_si_004.avi; supplements/R22/sp9b00278_si_005.avi; supplements/R22/sp9b00278_si_006.avi; supplements/R22/sp9b00278_si_007.avi; supplements/R22/sp9b00278_si_008.avi,https://github.com/davidlueng986-alt/scihub-papers/blob/811559902d7e7455cccbf8a8af0f4343cc3f3daf/R22_Manceau_Nagy_2019_Thiols_NOM_Hg.pdf,,DOI 引文不是 PDF 或原始數據；同作者報告與 Supporting Information 另列，不能視同期刊正文。
R23,"USGS. National Field Manual, Section 6.6: Alkalinity and acid neutralizing capacity.",https://www.usgs.gov/publications/chapter-a6-section-66-alkalinity-and-acid-neutralizing-capacity,2012 年官方手冊全文（用戶 GitHub）,papers/from_user_github/R23_USGS_NFM_6.6_Alkalinity_ANC.pdf,https://github.com/davidlueng986-alt/scihub-papers/blob/811559902d7e7455cccbf8a8af0f4343cc3f3daf/R23_USGS_NFM_6.6_Alkalinity_ANC.pdf,,DOI 引文不是 PDF 或原始數據；同作者報告與 Supporting Information 另列，不能視同期刊正文。
R24,"Boudreau BP. 1996. The diffusive tortuosity of fine-grained unlithified sediments. Geochimica et Cosmochimica Acta 60, 3139–3142.",https://doi.org/10.1016/0016-7037(96)00158-5,原期刊全文（用戶 GitHub）,papers/from_user_github/R24_Boudreau_1996_Diffusive_tortuosity.pdf,https://github.com/davidlueng986-alt/scihub-papers/blob/811559902d7e7455cccbf8a8af0f4343cc3f3daf/R24_Boudreau_1996_Diffusive_tortuosity.pdf,,DOI 引文不是 PDF 或原始數據；同作者報告與 Supporting Information 另列，不能視同期刊正文。
R25,"USGS. PHREEQC version 3 documentation, TRANSPORT, multicomponent diffusion. Accessed 24 September 2026.",https://water.usgs.gov/water-resources/software/PHREEQC/documentation/phreeqc3-html/phreeqc3-56.htm,完整官方 HTML 章節,webpages/R25_PHREEQC_TRANSPORT.html,https://water.usgs.gov/water-resources/software/PHREEQC/documentation/phreeqc3-html/phreeqc3-56.htm,,DOI 引文不是 PDF 或原始數據；同作者報告與 Supporting Information 另列，不能視同期刊正文。
R26,"Barrow NJ and Cox VC. 1992. The effects of pH and chloride concentration on mercury sorption. I. By goethite. Journal of Soil Science 43, 295–304.",https://doi.org/10.1111/j.1365-2389.1992.tb00137.x,原期刊全文（用戶 GitHub）,papers/from_user_github/R26_Barrow_Cox_1992_Hg_sorption_I_goethite.pdf,https://github.com/davidlueng986-alt/scihub-papers/blob/811559902d7e7455cccbf8a8af0f4343cc3f3daf/R26_Barrow_Cox_1992_Hg_sorption_I_goethite.pdf,,DOI 引文不是 PDF 或原始數據；同作者報告與 Supporting Information 另列，不能視同期刊正文。
