path,size_bytes,sha256,source_or_relation
README.md,3038,c9bc7381ced6a4af038bee6f31b1585a1096be4df404382b0e116d1c7683d1ff,"derived, extracted or source document; see sources_manifest.csv and README.md"
UNAVAILABLE.md,1642,a2d7206784b9537e80b5910238b3231fa25a31574611bd83f30e0bacd8443e5c,"derived, extracted or source document; see sources_manifest.csv and README.md"
datasets/R08_Shetaya_2019_v1_original_DATA_FILES.zip,15400038,e04adc7856ef0f607fd92805648725412850d5ef3c522da4a26b15bf4c39af60,https://data.mendeley.com/public-files/datasets/xw2kr7ykhd/files/13b5d059-1556-4563-8154-f1c510f4e7f5/file_downloaded
datasets/R08_extracted/DATA FILES/Modelling/CLT.xlsx,174259,921bed5a6eafef7804726151955230f35ac22acf033f407f12ecef7d38dc5018,"derived, extracted or source document; see sources_manifest.csv and README.md"
datasets/R08_extracted/DATA FILES/Modelling/Collective Modelling.xlsx,148719,59173061af4e1861dcc2144ec9f56760af8ef156d45c608a8c2a73249475c636,"derived, extracted or source document; see sources_manifest.csv and README.md"
datasets/R08_extracted/DATA FILES/Modelling/PZS.xlsx,179809,a246b8b6c527f67eb877f890df7012f68bdc0e5c01c4f846a71a26724555f8c7,"derived, extracted or source document; see sources_manifest.csv and README.md"
datasets/R08_extracted/DATA FILES/Modelling/PZT.xlsx,260488,4c662e20319b72779a37c2af9907b524fbe945bdb7aee0e6e98d9f93442ae064,"derived, extracted or source document; see sources_manifest.csv and README.md"
datasets/R08_extracted/DATA FILES/Modelling/Predective Collective ElV-Kd.xlsx,7548350,8452bd3470613d0ab432883bed4ea47b1dff357597044e38349d330bfbf4e212,"derived, extracted or source document; see sources_manifest.csv and README.md"
datasets/R08_extracted/DATA FILES/Modelling/RLT.xlsx,169748,5d0578b6e3fb41476670bbe1ef9b336eb55963e0ea9eacb82e9823c18a18a8ba,"derived, extracted or source document; see sources_manifest.csv and README.md"
datasets/R08_extracted/DATA FILES/Modelling/SCS.xlsx,184295,948e23c24b6968c24ab25ed6a101222864aaf1874d072b86b85e4f5b8498f240,"derived, extracted or source document; see sources_manifest.csv and README.md"
datasets/R08_extracted/DATA FILES/Modelling/SCT.xlsx,178003,3a7fb672420e4609428cfcfeccdccee6074d4b1c6f9a80920ac54ad9735f2140,"derived, extracted or source document; see sources_manifest.csv and README.md"
datasets/R08_extracted/DATA FILES/Results/Processed.xlsx,16680899,9126e995c09a5c37974fe068cde99f174be97c4c353e348fd3c30080703da24f,"derived, extracted or source document; see sources_manifest.csv and README.md"
datasets/R08_extracted/DATA FILES/Results/Raw.xlsx,93425,3144a8805aadf0359887305723595437fa80dde801583a49e105bf5a11c39007,"derived, extracted or source document; see sources_manifest.csv and README.md"
datasets/R08_workbook_index.csv,3261,1e7c8ab6ec15241478829dd885b55b31a638b43066fb99bcf1343c5db98630c4,"derived, extracted or source document; see sources_manifest.csv and README.md"
derived/R01_NIST_2711a_element_values.csv,5789,f1be27052936b0656dd4f0d3bb9280beeaca1d97a70b450d3b0f1b8a3fa1d2d2,"derived, extracted or source document; see sources_manifest.csv and README.md"
derived/R01_particle_size.json,212,134107bdd12902bb258d7fab693375f64f953b8dafbc9ddc572cc56464d74635,"derived, extracted or source document; see sources_manifest.csv and README.md"
derived/R05_R06_R11_external_data_guide.md,4026,271c101dab0064af87ebda9b57b1cf864b1ccc439481e2247d3634c937b81376,"Guide derived from R05, R06 and R11 original papers"
derived/R05_R06_Yin_report_guide.md,1888,d589781d125372ec05c305653b3a27c8e049302d05f7a5160b4907dc86d65619,"derived, extracted or source document; see sources_manifest.csv and README.md"
derived/R05_Yin_1996_Table1_soil_characteristics.csv,2160,f8ec236d2ee92692e2ed3d4c69e4284a7a765a3268f5ad5efc9271b614654585,"Transcribed from R05 Yin et al. 1996, Table 1, PDF p. 2"
derived/R06_Yin_1997_Table1_selected_soils.csv,544,09be9638fca4cd74fcf487c6bf987b137a5d107893c015ba9f345d8d48b0a78a,"Transcribed from R06 Yin et al. 1997, Table 1, PDF p. 2"
derived/R06_Yin_1997_Table2_kinetic_parameters.csv,2562,36fdc1305c5e50bd85215c267f07cc63a3052dc06664346b946318f9f6ca7b3d,"Transcribed from R06 Yin et al. 1997, Table 2, PDF p. 6"
derived/R06_Yin_1997_Table3_OC_regressions.csv,410,627b6d2d6acf3f76575e405791465c9fc6d77ebae2033c50048c3073170d2e38,"Transcribed from R06 Yin et al. 1997, Table 3, PDF p. 7"
derived/R08_Shetaya_data_guide.md,1350,d30ad96cbc6f15882712e26b223c01696afc59a7c70379d8de5575ea8c330bac,"derived, extracted or source document; see sources_manifest.csv and README.md"
derived/R21_IHSS_method_note.md,669,5b61b2d5eee8ef3f010880ddc5c239a6c934daf46f6b86d4e80256269b52cc94,"derived, extracted or source document; see sources_manifest.csv and README.md"
derived/thermodynamic_source_ledger.csv,1055,3acf8bfdcb6d113d09d212d3c140fc59f3fab887fe950168ea30bcffca7e2cbf,"derived, extracted or source document; see sources_manifest.csv and README.md"
instructions/01-F1_Baseline_Research_Proposal_TC_v2_3.docx,56040,6b8a3aeab068957df7c7a06307db3e8f28c7dc652e465dba799b069077cea5c3,"derived, extracted or source document; see sources_manifest.csv and README.md"
instructions/02-F1_Baseline_Computational_Chemistry_SOP_TC_v2_3.docx,81744,cfd5b84ba2547ac58a3c65599f38629bd6b181666885fde7ace0f2f34681f566,"derived, extracted or source document; see sources_manifest.csv and README.md"
metadata/GitHub_repository_README.md,3275,8606dc6a7aee5a9038e314c30253816d5ffbbe3db57bdb798f00a94cf0399e90,"derived, extracted or source document; see sources_manifest.csv and README.md"
metadata/GitHub_repository_pdf_audit.csv,4788,a60c9e7ee74a94dc43d4afa3b3f26dbfd120f3b896f112bc7494f0f430d6285e,"derived, extracted or source document; see sources_manifest.csv and README.md"
metadata/R08_Mendeley_v1_files.json,723,4374d2c32476130ea56c1f397be3a7738f577074f34ef3dd01df3d6293a0a609,"derived, extracted or source document; see sources_manifest.csv and README.md"
metadata/R08_datacite.json,4561,551ca5c25ad6beb8699f7674ebaffbd4fba15bba2dd3236b5eab06dd01eda3dc,"derived, extracted or source document; see sources_manifest.csv and README.md"
metadata/acs_figshare_supplements.json,3975,2efc07c96a39ef0e859f69eaee1a13f0c1071fc5d951b8215d454a0d59724330,"derived, extracted or source document; see sources_manifest.csv and README.md"
metadata/direct_downloads.json,3483,ba5aa7b700e12951e43870a00938ebb6da5d114ed0810694020b1ee673d240b1,"derived, extracted or source document; see sources_manifest.csv and README.md"
metadata/references_openalex.json,26269,3b7cbec7d90b4a9b7f4804509ddbcded8a61bcc623a777928d9914eba31c2f9f,"derived, extracted or source document; see sources_manifest.csv and README.md"
metadata/supplement_downloads.json,3569,2717937fa0f1e49bec3e95b901fec468c1324830ad020cc54796b237f1adb1d9,"derived, extracted or source document; see sources_manifest.csv and README.md"
papers/R01_NIST_SRM2711a_COA_2026.pdf,588515,6ace2a645a6bc8777892734a1e49004ed4c37a703818d2b8ba07e0487ff9c1a0,https://tsapps.nist.gov/srmext/certificates/2711a.pdf
papers/R02_Powell_IUPAC_Hg_2005.pdf,941336,c48870a2d740c4b8f46e5f7148e82300162dc15df3c62a5b6985af2857810831,https://researchportal.murdoch.edu.au/view/pdfCoverPage?download=true&filePid=13136912540007891&instCode=61MUN_INST
papers/R03_PHREEQC3_USGS_manual_2013.pdf,4248695,2a3f8a783231a11ef37209bba89d12ddc5a7b46457b272d9526c379697cfb65f,extracted from USGS PHREEQC source ZIP (doc/Phreeqc_3_2013_manual.pdf)
papers/R05_R06_Yin_Allen_Huang_NJDEP_primary_report_1997.pdf,87902834,ce44635999333f4054ad74b35394bd47d81f2ece59a7994b5526706d4fb40bbb,https://github.com/davidlueng986-alt/scihub-papers/blob/811559902d7e7455cccbf8a8af0f4343cc3f3daf/R05_Yin_1996_Adsorption_Hg_soil.pdf
papers/R06_Yin_1997_UDEL_author_copy.pdf,211467,aa1f241964a72f6eca7c3561e996729d3a5415b516224724c99da95af70aee2f,https://www1.udel.edu/soilchem/yinest97.pdf
papers/R09_Haitzer_2002_author_copy.pdf,114990,836f190ef250e7ee1984df07cdc55df3f0389035f4b1f795e5f832f39accf687,https://www.colorado.edu/faculty/ryan-joseph/sites/default/files/attached-files/binding_of_mercuryii_to_dissolved_organic_matter-_the_role_of_the_mercury-to-dom_concentration_ratio.pdf
papers/from_user_github/R05_Yin_1996_Adsorption_Hg_soil.pdf,212770,19e2bc3960aabc3bed7241a03383c1d3fd8f0ec463214d459f9ec615c62a92de,https://github.com/davidlueng986-alt/scihub-papers/blob/811559902d7e7455cccbf8a8af0f4343cc3f3daf/R05_Yin_1996_Adsorption_Hg_soil.pdf
papers/from_user_github/R07_Shetaya_2019_Sorption_kinetics_196Hg_soil.pdf,1929899,c3c46fcbe0dfe6b93ebfa7161b62db934c7fe08256350f609474636e2b009bf9,https://github.com/davidlueng986-alt/scihub-papers/blob/811559902d7e7455cccbf8a8af0f4343cc3f3daf/R07_Shetaya_2019_Sorption_kinetics_196Hg_soil.pdf
papers/from_user_github/R10_Skyllberg_2006_Hg_complexation_SOM_EXAFS.pdf,180716,9d4e17aaab4d05794e347180f10f727ba6ef6261f63332d512f8ac54a8c2e71c,https://github.com/davidlueng986-alt/scihub-papers/blob/811559902d7e7455cccbf8a8af0f4343cc3f3daf/R10_Skyllberg_2006_Hg_complexation_SOM_EXAFS.pdf
papers/from_user_github/R11_Barrow_Cox_1992_Hg_sorption_II_soil.pdf,500569,8c613981b1822ae8ca97a6093b2b94ddb782c9ba9dc1b93ef598629233e93184,https://github.com/davidlueng986-alt/scihub-papers/blob/811559902d7e7455cccbf8a8af0f4343cc3f3daf/R11_Barrow_Cox_1992_Hg_sorption_II_soil.pdf
papers/from_user_github/R12_Jing_2007_Hg_desorption_soils.pdf,182570,ab78ba322a321d716593c1c46fd4986dcee6d89cf2368c416c096b9d17ee3eb1,https://github.com/davidlueng986-alt/scihub-papers/blob/811559902d7e7455cccbf8a8af0f4343cc3f3daf/R12_Jing_2007_Hg_desorption_soils.pdf
papers/from_user_github/R13_Zwietering_1958_Suspending_solids_agitators.pdf,922263,0973a4200b2618b4670f1752f70893e5db084b9e86db9bc8ca5b0239ad72c696,https://github.com/davidlueng986-alt/scihub-papers/blob/811559902d7e7455cccbf8a8af0f4343cc3f3daf/R13_Zwietering_1958_Suspending_solids_agitators.pdf
papers/from_user_github/R15_Bloom_2003_Selective_extractions_Hg.pdf,301801,a07ba9d821d9727110ff37cca3d0f9acb79f8af14becbd66d312522e9911824f,https://github.com/davidlueng986-alt/scihub-papers/blob/811559902d7e7455cccbf8a8af0f4343cc3f3daf/R15_Bloom_2003_Selective_extractions_Hg.pdf
papers/from_user_github/R16_Song_2018_Thermodynamics_Hg_thiol_NOM.pdf,821251,3cddd621fc8d17dccd65c7c0b56a56fb86e0d5f73e39fc5a11337b39c6aea6b1,https://github.com/davidlueng986-alt/scihub-papers/blob/811559902d7e7455cccbf8a8af0f4343cc3f3daf/R16_Song_2018_Thermodynamics_Hg_thiol_NOM.pdf
papers/from_user_github/R17_Ranz_Marshall_1952_Evaporation_drops_I_and_II.pdf,18160575,13d2d907d755162406af0290a4cd32f0cb5663a4fec3ebe7c42a696a34598ce8,https://github.com/davidlueng986-alt/scihub-papers/blob/811559902d7e7455cccbf8a8af0f4343cc3f3daf/R17_Ranz_Marshall_1952_Evaporation_drops_I_and_II.pdf
papers/from_user_github/R18_Haitzer_2003_Hg_binding_humic.pdf,160647,fe4259d786ad67a30741d4ded4cf5be3d115ffb1bb3a94203c5d001081bf2bf3,https://github.com/davidlueng986-alt/scihub-papers/blob/811559902d7e7455cccbf8a8af0f4343cc3f3daf/R18_Haitzer_2003_Hg_binding_humic.pdf
papers/from_user_github/R19_Milne_2001_NICA_Donnan_parameters.pdf,174689,becfc31f985e501e7e63f4179fe0187e685f584105ee28dc9416e0e0f660f6c2,https://github.com/davidlueng986-alt/scihub-papers/blob/811559902d7e7455cccbf8a8af0f4343cc3f3daf/R19_Milne_2001_NICA_Donnan_parameters.pdf
papers/from_user_github/R22_Manceau_Nagy_2019_Thiols_NOM_Hg.pdf,7889510,73bc305235aa80a47178992cc6cb4d694e44801ff41d90402ff60f5d8b75537c,https://github.com/davidlueng986-alt/scihub-papers/blob/811559902d7e7455cccbf8a8af0f4343cc3f3daf/R22_Manceau_Nagy_2019_Thiols_NOM_Hg.pdf
papers/from_user_github/R23_USGS_NFM_6.6_Alkalinity_ANC.pdf,663897,8c8b69be72758c7966f6b418f8202f3834e294875cf0d9df5303376aed4deda1,https://github.com/davidlueng986-alt/scihub-papers/blob/811559902d7e7455cccbf8a8af0f4343cc3f3daf/R23_USGS_NFM_6.6_Alkalinity_ANC.pdf
papers/from_user_github/R24_Boudreau_1996_Diffusive_tortuosity.pdf,404894,914be5d06bca1692bb7a24f905c3c73d3df05fb93fea594b5511a64bca4973ea,https://github.com/davidlueng986-alt/scihub-papers/blob/811559902d7e7455cccbf8a8af0f4343cc3f3daf/R24_Boudreau_1996_Diffusive_tortuosity.pdf
papers/from_user_github/R26_Barrow_Cox_1992_Hg_sorption_I_goethite.pdf,578789,558cec4cfae5fb7c4e9756aaed3770e5b9f613ea6fd71524ea073dd330547dab,https://github.com/davidlueng986-alt/scihub-papers/blob/811559902d7e7455cccbf8a8af0f4343cc3f3daf/R26_Barrow_Cox_1992_Hg_sorption_I_goethite.pdf
software/R04_PHREEQC_3.8.6-17100_source.zip,13154618,91bf4998cfb5ed33b1222e034e559a9845f592f0f4f79a11819efe229b65a847,https://water.usgs.gov/water-resources/software/PHREEQC/ (official 3.8.6-17100 source archive)
software/minteq.v4.dat,320909,a93914e63b0c616f8506cc92739188e50c5b9a15c33b111979652f308457f4ac,extracted from official PHREEQC 3.8.6-17100 source archive
software/phreeqc.dat,53211,59373961d648dfbf68a40744060c1d64f57ecbec98f4f5fb89f3a1b4213ccd10,extracted from official PHREEQC 3.8.6-17100 source archive
sources_manifest.csv,15267,ccc586c3d4f06a18a441eb13912ed4d7a2ce1a53636bbdb59e09b488955b4c6d,"derived, extracted or source document; see sources_manifest.csv and README.md"
supplements/R09/es025699i_si_001.xls,17920,41bfdab68d4d5a079dfafc1008ac62e4c688416055c8eac748a461fa24ab1af8,https://ndownloader.figshare.com/files/5685252
supplements/R10/es0600577_si_001.pdf,58042,d24488b2687826619b40d695dc281508b87ca43b643f09533e423118c6177c09,https://ndownloader.figshare.com/files/4779271
supplements/R16/es8b00919_si_001.pdf,1239699,d09be9231f9728055e8c82af1062fff803a371e154c65a6539bdb08ebe6263d6,https://ndownloader.figshare.com/files/12462164
supplements/R22/sp9b00278_si_001.pdf,1975497,68b465383e3945d26508aed5e330f5267f3f0efae365164d2342182ec653a31d,https://ndownloader.figshare.com/files/19818332
supplements/R22/sp9b00278_si_002.avi,1501436,cd6c434890d578b472661ff35083ba91e024d025f0f9be5b11e5cc0fff6ca7d8,https://ndownloader.figshare.com/files/19818335
supplements/R22/sp9b00278_si_003.avi,1706984,0e578a73df5e78a15d3848ff76ddbd5644621e004f5bb7b5979ae1a79b6c6c8d,https://ndownloader.figshare.com/files/19818341
supplements/R22/sp9b00278_si_004.avi,1846266,1a0ffc38b9d8ca463db2f9547b07b61460d838f27c7135391dbfbf40035dfb65,https://ndownloader.figshare.com/files/19818344
supplements/R22/sp9b00278_si_005.avi,1896276,8ee8c690c01b4b55465514deebd1dd85093f4667232ff9befef98096fb6ff909,https://ndownloader.figshare.com/files/19818350
supplements/R22/sp9b00278_si_006.avi,1201666,8996f2b7a40188bb0225ba436d42c5dd3b6ac792cd98eb7bd4d31c9d12f892d2,https://ndownloader.figshare.com/files/19818353
supplements/R22/sp9b00278_si_007.avi,832514,f61254705ccc204b59292fb369efc277381a205dead401a88f5e98ddfcefbd3b,https://ndownloader.figshare.com/files/19818356
supplements/R22/sp9b00278_si_008.avi,817604,575e9441dcd75ef898a89d2cf77302b4f48cdd29d531d414ec9cf2b4fd7322a0,https://ndownloader.figshare.com/files/19818362
webpages/R04_PHREEQC_download_page.html,8436,e80b6ce2f253ce977e6eda03ff8636025876a358dd01e5730124a7921c1e0373,"derived, extracted or source document; see sources_manifest.csv and README.md"
webpages/R25_PHREEQC_TRANSPORT.html,253343,11834b5bcaa0eb678f10633a7b74b2f20e232b23a6b871eaa58c0032b58126af,https://water.usgs.gov/water-resources/software/PHREEQC/documentation/phreeqc3-html/phreeqc3-56.htm
