R05_soil_no,soil_name,sand_g_kg,silt_g_kg,clay_g_kg,pH,CEC_cmolc_kg,organic_C_g_kg,surface_area_m2_kg,total_Fe_oxides_g_kg,total_Al_oxides_g_kg,total_Mn_oxides_g_kg,source_locator,quality_note
1,Sassafras sandy loam,450,370,180,5.78,3.1,3.5,5310,18.7,16.89,0.11,"R05 journal PDF page 2 (printed page 838), Table 1",
2,Lakewood sand,910,30,60,4.18,0.9,2.9,1100,45.95,1.7,0.05,"R05 journal PDF page 2 (printed page 838), Table 1",
3,Penn silt loam,250,480,270,4.67,3.8,7.5,8040,33.93,33.86,0.49,"R05 journal PDF page 2 (printed page 838), Table 1",
4,Whippany silty clay loam,490,160,370,6.17,9.5,13.3,5980,22.96,26.71,0.15,"R05 journal PDF page 2 (printed page 838), Table 1","Printed sand+silt+clay=1020 g/kg; preserved as printed, not normalized"
5,Washington loam,200,490,310,6.03,8.9,16.8,11590,38.86,37.43,0.86,"R05 journal PDF page 2 (printed page 838), Table 1",
6,Freehold sandy loam (A horizon),920,20,60,5.22,0.8,1.2,2040,14.44,6.17,0.27,"R05 journal PDF page 2 (printed page 838), Table 1",
7,Freehold sandy loam (B horizon),370,420,210,6.44,4.3,13.9,9010,10.86,10.63,0.18,"R05 journal PDF page 2 (printed page 838), Table 1",
8,Rockaway stony loam,540,300,160,4.69,2.7,28.4,8620,24.75,26.71,0.61,"R05 journal PDF page 2 (printed page 838), Table 1",
9,Fill materials from Delaware River,850,50,100,4.77,2.3,7.0,2370,24.75,19.57,0.23,"R05 journal PDF page 2 (printed page 838), Table 1",
10,Downer loamy sand,870,50,80,4.74,2.3,4.6,1150,5.27,25.82,0.11,"R05 journal PDF page 2 (printed page 838), Table 1",
11,Boonton Union loam,490,350,160,5.14,4.2,49.9,6540,19.82,20.46,1.54,"R05 journal PDF page 2 (printed page 838), Table 1",
12,Dunellen sandy loam,560,300,140,5.57,4.2,11.0,5210,34.38,24.93,0.39,"R05 journal PDF page 2 (printed page 838), Table 1",
13,Birdsboro silt loam,500,320,180,5.69,5.3,12.8,7060,33.03,19.57,0.49,"R05 journal PDF page 2 (printed page 838), Table 1",
14,Hazen gravelly loam,390,380,230,6.02,9.3,18.0,5900,30.12,23.14,0.73,"R05 journal PDF page 2 (printed page 838), Table 1",
15,Boonton Bergen loam,600,270,130,5.12,4.2,30.7,7200,26.99,24.03,0.36,"R05 journal PDF page 2 (printed page 838), Table 1",
