experiment,soil_no_as_printed_Table2,soil_name_crosswalk_inference,influent_Hg_ug_L,q_ug_g,q_symbol,SE_q_ug_g,rate_coefficient,rate_unit,SE_rate_same_unit,RMS_ug_g,source_locator,join_warning
adsorption,1,Sassafras sandy loam,8000,1176,q_infinity,11,6.09e-06,L/(ug min),4.97e-07,0.46,"R06 UDEL journal PDF page 6 (printed page 501), Table 2",R06 Table 2 soil IDs differ from the 1..4 labels of R06 Table 1; do not join by number
adsorption,6,Freehold sandy loam (A horizon),4000,210,q_infinity,2,2.57e-05,L/(ug min),2.74e-06,0.46,"R06 UDEL journal PDF page 6 (printed page 501), Table 2",R06 Table 2 soil IDs differ from the 1..4 labels of R06 Table 1; do not join by number
adsorption,6,Freehold sandy loam (A horizon),8000,255,q_infinity,1,1.99e-05,L/(ug min),4.05e-07,0.09,"R06 UDEL journal PDF page 6 (printed page 501), Table 2",R06 Table 2 soil IDs differ from the 1..4 labels of R06 Table 1; do not join by number
adsorption,8,Rockaway stony loam,8000,5100,q_infinity,64,3.06e-06,L/(ug min),3.22e-07,1.64,"R06 UDEL journal PDF page 6 (printed page 501), Table 2",R06 Table 2 soil IDs differ from the 1..4 labels of R06 Table 1; do not join by number
adsorption,12,Dunellen sandy loam,4000,2930,q_infinity,32,1.06e-05,L/(ug min),1.22e-06,1.4,"R06 UDEL journal PDF page 6 (printed page 501), Table 2",R06 Table 2 soil IDs differ from the 1..4 labels of R06 Table 1; do not join by number
adsorption,12,Dunellen sandy loam,8000,3610,q_infinity,50,5.56e-06,L/(ug min),7.47e-07,1.85,"R06 UDEL journal PDF page 6 (printed page 501), Table 2",R06 Table 2 soil IDs differ from the 1..4 labels of R06 Table 1; do not join by number
desorption,1,Sassafras sandy loam,8000,780,q_zero,8,0.0116,1/min,0.000492,0.4,"R06 UDEL journal PDF page 6 (printed page 501), Table 2",R06 Table 2 soil IDs differ from the 1..4 labels of R06 Table 1; do not join by number
desorption,6,Freehold sandy loam (A horizon),4000,126,q_zero,4,0.0228,1/min,0.00152,0.16,"R06 UDEL journal PDF page 6 (printed page 501), Table 2",R06 Table 2 soil IDs differ from the 1..4 labels of R06 Table 1; do not join by number
desorption,6,Freehold sandy loam (A horizon),8000,205,q_zero,2,0.0165,1/min,0.00087,0.32,"R06 UDEL journal PDF page 6 (printed page 501), Table 2",R06 Table 2 soil IDs differ from the 1..4 labels of R06 Table 1; do not join by number
desorption,12,Dunellen sandy loam,8000,1585,q_zero,14,0.00926,1/min,0.000224,0.29,"R06 UDEL journal PDF page 6 (printed page 501), Table 2",R06 Table 2 soil IDs differ from the 1..4 labels of R06 Table 1; do not join by number
