 Model / Soil,PGT,PGS,RDZ,BRZ,PZT,PZS,,,,,Irreversible 1st order + Kd,Irreversible 1st order,Reversible 1st order + Kd,Reversible 1st order,Elovich + Kd,Elovich,Parabolic Diffusion + Kd,Parabolic Diffusion ,Spherical Diffusion + Kd
Irreversible 1st order + Kd,0.16030665241688646,0.29862747592417077,0.010719554180359199,0.012902323049707141,0.011209361525180922,0.3580066942041755,,,W1,SCT,0.16030665241688646,0.6762343803862814,0.16743225859097202,0.2325439502224559,0.09125397419319344,0.08162099799991913,0.15687278287430775,0.14031128219265576,0.12082040436586358
Irreversible 1st order,0.6762343803862814,0.6599196797769162,0.013525135793379167,0.037843295655681786,0.010233428618579402,1.3037326384888839,,,W2,SCS,0.29862747592417077,0.6599196797769162,0.13218034226550326,0.1272379366722552,0.2206656591953906,0.19736936570068342,0.2487166602279061,0.22245894383755827,0.21660815801546246
Reversible 1st order + Kd,0.16743225859097202,0.13218034226550326,0.010118027757879768,0.012902323049707141,0.0022900761408997626,0.1114510347900085,,,W3,RLT,0.010719554180359199,0.013525135793379167,0.010118027757879768,0.009272326524241273,0.010603473543554173,0.3219363701599927,0.015008533000175748,0.013424040358713673,0.009724591242013577
Reversible 1st order,0.2325439502224559,0.1272379366722552,0.009272326524241273,0.03054860046352503,0.0031049736144820924,0.6562220474973074,,,W4,CLT,0.012902323049707141,0.037843295655681786,0.012902323049707141,0.03054860046352503,0.03733351533658635,0.319072404297895,0.061263739549902906,0.05479595603243114,0.012895337191084063
Elovich + Kd,0.09125397419319344,0.2206656591953906,0.010603473543554173,0.03733351533658635,0.010515205551900463,0.19248963626885282,,,W5,PZS,0.011209361525180922,0.010233428618579402,0.0022900761408997626,0.0031049736144820924,0.010515205551900463,0.3813180331939984,0.013665655318647604,0.012222969899671355,0.008334983912746435
Elovich,0.08162099799991913,0.19736936570068342,0.3219363701599927,0.319072404297895,0.3813180331939984,0.17216796464599513,,,W6,PZT,0.3580066942041755,1.3037326384888839,0.1114510347900085,0.6562220474973074,0.19248963626885282,0.17216796464599513,0.39459105887574847,0.3529329728548834,0.24880051834306108
Parabolic Diffusion + Kd,0.15687278287430775,0.2487166602279061,0.015008533000175748,0.061263739549902906,0.013665655318647604,0.39459105887574847
Parabolic Diffusion ,0.14031128219265576,0.22245894383755827,0.013424040358713673,0.05479595603243114,0.012222969899671355,0.3529329728548834
Spherical Diffusion + Kd,0.12082040436586358,0.21660815801546246,0.009724591242013577,0.012895337191084063,0.008334983912746435,0.24880051834306108,,,,,0.14196201021674668,0.4502480931199537,0.07272901043249508,0.17648830583237782,0.09381024401491296,0.2455808559997473,0.14835307164111475,0.13269102752931894,0.10286399884503854
,,,,,,,,,,,,,,,,,,,
,,,,,,,,,,,Reversible 1st order + Kd,0.07272901043249508
,,,,,,,,,,,Elovich + Kd,0.09381024401491296
,,,,,,,,,,,Spherical Diffusion + Kd,0.10286399884503854
,,,,,,,,,,,Parabolic Diffusion ,0.13269102752931894
,,,,,,,,,,,Irreversible 1st order + Kd,0.14196201021674668
,,,,,,,,,,,Parabolic Diffusion + Kd,0.14835307164111475
,,,,,,,,,,,Reversible 1st order,0.17648830583237782
,,,,,,,,,,,Elovich,0.2455808559997473
,,,,,,,,,,,Irreversible 1st order,0.4502480931199537
