 Model / Soil,SCT,SCS,RLT,CLT,PZS,PZT,
Irreversible 1st order + Kd,,,,,,,
Kd (L kg-1),47.95755561322569,1.4677236013805832,1199.9992209272893,214.769287096061,48.740789814515196,13.963594744851793,
Reaction rate constant  (k; h-1),0.010180585270469207,0.001242190845083237,0.1147326139562194,0.25018836085723983,3.163473935084986,0.014348842086716357,
RSD (mg kg-1),0.16030665241688646,0.29862747592417077,0.010719554180359199,0.012902323049707141,0.011209361525180922,0.3580066942041755,
,,,,,,,
Irreversible 1st order,,,,,,,
Reaction rate constant  (k; h-1),1.5100479484852505,0.002734225477328088,4.728024380283992,3.387962828856089,4.935709217435958,0.22263283784172005,
RSD (mg kg-1),0.6762343803862814,0.6599196797769162,0.013525135793379167,0.037843295655681786,0.010233428618579402,1.3037326384888839,
,,,,,,,
Reversible 1st order + Kd,,,,,,,
Kd (L kg-1),35.263355494245566,0.8347098657591229,704.5774022907871,214.769287096061,835.5801579097921,11.222814443860612,
Forward rate constant (kF; h-1),0.07060883659559218,0.007448896071864397,0.37247543795408355,0.25018836085723983,0.3923835242655867,0.035304923788239496,
Reverse rate constant (kR; h-1),0.04449590112294266,0.03128467647991189,0.04473354914969134,0.00883966196969481,0.05540416078668237,0.015721507836031167,
RSD (mg kg-1),0.16743225859097202,0.13218034226550326,0.010118027757879768,0.012902323049707141,0.0022900761408997626,0.1114510347900085,
,,,,,,,
Reversible 1st order,,,,,,,
Forward rate constant (kF; h-1),0.785478780750288,0.006125044286623588,0.991156205235598,0.9662233903090489,0.9928146109280772,0.5182291827328938,
Reverse rate constant (kR; h-1),0.09456567303137878,0.027396617971234504,0.0017452602453473447,0.0041374073924769755,0.0016296498952171811,0.16454007219662176,
RSD (mg kg-1),0.2325439502224559,0.1272379366722552,0.009272326524241273,0.03054860046352503,0.0031049736144820924,0.6562220474973074,
,,,,,,,
Elovich + Kd,,,,,,,
Kd (L kg-1),16.11086564084237,0.031515682378626224,445.74159765060205,121.35972556435586,667.1772805169578,6.549930717997001,
a,76.12554161409251,1.3214044317666198,206.24349610603963,133.3261043721339,298.375777900143,2.443632455816861,
b,5.713547766659457,4.488253049512768,112.08649290731624,27.20308230860253,186.03179368274866,2.3261429687439814,
RSD (mg kg-1),0.09125397419319344,0.2206656591953906,0.010603473543554173,0.03733351533658635,0.010515205551900463,0.19248963626885282,
,,,,,,,
Elovich,,,,,,,
a,1.13x1011,1.4380692078757946,1.00x1013,1.13x1011,1.13x1011,612.2851207119603,
b,5.706992983793759,4.488263535600084,5.784614305763331,5.041279428618244,5.012262371911936,2.3261502843097173,
RSD (mg kg-1),0.08162099799991913,0.19736936570068342,0.3219363701599927,0.319072404297895,0.3813180331939984,0.17216796464599513,
,,,,,,,
Parabolic Diffusion + Kd,,,,,,,
Kd (L kg-1),20.065088792226714,0.0009922125984794298,101.33644816408201,19.692650603997237,17.832758548636328,12.820446321941137,
RD - overall diffusion coefficient ,0.03511781678363654,0.015327854674243349,0.005901755576114211,0.006162877035202712,0.0007102784975723508,0.06462258250421439,
a,0.43471160613157683,0.08919132755657015,0.9361852327124298,0.9403945094021565,0.9892647730968941,0.009448447424520126,
RSD (mg kg-1),0.15687278287430775,0.2487166602279061,0.015008533000175748,0.061263739549902906,0.013665655318647604,0.39459105887574847,
,,,,,,,
Parabolic Diffusion ,,,,,,,
RD -  overall diffusion coefficient,0.011680828077746298,0.01532616256182882,0.0005300707429845218,0.0020752506301386295,0.00025439658661284765,0.028317558264564002,
a,0.8119778603440821,0.0892831113996495,0.9942681043846532,0.979926174593157,0.9961474018498324,0.5659360967849313,
RSD (mg kg-1),0.14031128219265576,0.22245894383755827,0.013424040358713673,0.05479595603243114,0.012222969899671355,0.3529329728548834,
,,,,,,,
Spherical Diffusion + Kd,,,,,,,
Kd (L kg-1),39.45311772626731,0.9378405364118881,1004.1610268852871,157.734263514535,745.0516260987755,10.644351736255105,
D/r2,0.0006643021297290722,2.89x10-5,0.006748865421982771,0.02293760967274512,0.025922322539133923,0.0008695069843739834,
RSD (mg kg-1),0.12082040436586358,0.21660815801546246,0.009724591242013577,0.012895337191084063,0.008334983912746435,0.24880051834306108,
