soil,ads_time_h,solution_Hg_mgkg_avg,solution_Hg_mgkg_se,adsorbed_Hg_mgkg_avg,adsorbed_Hg_mgkg_se,adsorbed_pct_avg,adsorbed_pct_se,solution_Hg_ppb_avg,solution_Hg_ppb_se
SCT,1,1.2850466742612285,0.0737255868319514,4.7149533257387715,0.07372558683195152,78.58255542897953,1.2287597805325203,128.50466742612286,7.372558683195141
SCS,4,0.9464389510914255,0.0051390566917933755,5.053561048908574,0.0051390566917932645,84.22601748180958,0.08565094486321811,94.64389510914255,0.5139056691793376
RLT,8,0.7718953993918096,0.07263339346741055,5.228104600608191,0.07263339346741082,87.13507667680318,1.2105565577901771,77.18953993918096,7.263339346741055
CLT,24,0.7362889830994418,0.02009808184238182,5.263711016900558,0.02009808184238171,87.72851694834264,0.3349680307063565,73.62889830994418,2.009808184238182
PZS,48,0.6688683141264173,0.0611035463843062,5.331131685873583,0.06110354638430593,88.85219476455973,1.0183924397384274,66.88683141264174,6.1103546384306195
PZT,72,0.43819098469196255,0.045417004123504516,5.561809015308038,0.045417004123504245,92.69681692180062,0.7569500687250752,43.819098469196256,4.541700412350451
SCT,168,0.3097320291367708,0.02488457680270525,5.690267970863229,0.024884576802705283,94.83779951438716,0.4147429467117547,30.973202913677078,2.488457680270525
SCS,1,5.393338383055285,0.01017159060916528,0.6066616169447152,0.010171590609165282,10.111026949078585,0.16952651015275408,539.3338383055285,1.017159060916528
RLT,4,5.367109208536979,0.023075433042779366,0.6328907914630206,0.02307543304277937,10.54817985771701,0.38459055071298826,536.7109208536979,2.3075433042779365
CLT,8,5.463864590849861,0.006997914295079788,0.5361354091501394,0.006997914295079788,8.935590152502321,0.11663190491799645,546.3864590849861,0.6997914295079788
PZS,24,4.775368524886605,0.04946607796713032,1.2246314751133953,0.04946607796713032,20.410524585223257,0.8244346327855058,477.5368524886605,4.946607796713032
PZT,48,4.616655512503402,0.03604202734722772,1.3833444874965979,0.03604202734722772,23.055741458276636,0.6007004557871287,461.66555125034023,3.6042027347227723
SCT,72,4.541069169256927,0.010292191023607787,1.4589308307430726,0.010292191023607788,24.315513845717877,0.1715365170601295,454.1069169256927,1.0292191023607786
SCS,168,4.496987463270855,0.08246012096799049,1.5030125367291447,0.08246012096799049,25.050208945485743,1.3743353494665074,449.69874632708553,8.24601209679905
RLT,1,0.05306351929048031,0.031545495867264496,5.946936480709519,0.03154549586726451,99.11560801182533,0.5257582644544101,5.306351929048031,3.1545495867264495
CLT,4,0.013308156685079273,0.004918322654409367,5.9866918433149205,0.00491832265440939,99.77819738858202,0.08197204424016034,1.3308156685079273,0.4918322654409367
PZS,8,0.0271369095355581,0.001694291581185699,5.9728630904644415,0.001694291581185947,99.54771817440736,0.02823819301976016,2.71369095355581,0.1694291581185699
PZT,24,0.011787302381755817,0.0014544052889360606,5.988212697618245,0.0014544052889360337,99.80354496030407,0.024240088148935964,1.1787302381755818,0.14544052889360606
SCT,48,0.005340050381777859,0.000554095553382707,5.994659949618223,0.0005540955533827052,99.9109991603037,0.009234925889714416,0.5340050381777859,0.055409555338270695
SCS,72,0.0032006812324838,1.747335042741999e-05,5.996799318767517,1.7473350427454903e-05,99.94665531279193,0.0002912225071227681,0.32006812324837997,0.0017473350427419988
RLT,168,0.0025212847861941397,0.0003038948243892598,5.997478715213806,0.00030389482438941684,99.95797858689676,0.00506491373982243,0.25212847861941395,0.030389482438925978
CLT,1,0.2026527544054053,0.006552493549095913,5.797347245594595,0.006552493549095928,96.62245409324325,0.10920822581826427,20.26527544054053,0.6552493549095914
PZS,4,0.0762266306119065,0.00410802648434111,5.923773369388094,0.004108026484340942,98.72955615646822,0.06846710807234757,7.62266306119065,0.41080264843411096
PZT,8,0.047239809438460414,0.002461969522456964,5.9527601905615395,0.0024619695224572524,99.21266984269232,0.04103282537428754,4.723980943846041,0.2461969522456964
SCT,24,0.02311878505565535,0.0010350948944020198,5.976881214944345,0.0010350948944024552,99.61468691573909,0.017251581573376026,2.3118785055655353,0.10350948944020197
SCS,48,0.003042225536836576,0.00023796009145116145,5.996957774463164,0.00023796009145149452,99.94929624105272,0.003966001524190687,0.3042225536836576,0.023796009145116145
RLT,72,0.00245308513125152,0.00010027116617898015,5.997546914868749,0.00010027116617905563,99.95911524781248,0.0016711861029818917,0.24530851312515198,0.010027116617898015
CLT,168,0.001425075159017674,1.0447570228980152e-05,5.998574924840982,1.0447570228944157e-05,99.9762487473497,0.00017412617048506715,0.1425075159017674,0.0010447570228980152
PZS,1,0.0431121572026317,0.0017448071051499,5.956887842797368,0.0017448071051497926,99.2814640466228,0.029080118419166467,4.31121572026317,0.17448071051499
PZT,4,0.01458693942400854,0.0001066192333174995,5.985413060575992,0.00010661923331767298,99.75688434293319,0.0017769872219588476,1.458693942400854,0.01066192333174995
SCT,8,0.009197884422558648,0.0002496694003377977,5.990802115577441,0.0002496694003379929,99.84670192629069,0.004161156672296329,0.9197884422558648,0.024966940033779767
SCS,24,0.008659758897059888,0.0002143433594465364,5.9913402411029395,0.00021434335944681135,99.855670685049,0.0035723893241126343,0.8659758897059888,0.02143433594465364
RLT,48,0.00867651622873402,0.00011686347844171423,5.991323483771266,0.00011686347844186429,99.85539139618777,0.0019477246407006987,0.867651622873402,0.011686347844171423
CLT,72,0.00570696773207716,0.0004945411885027002,5.994293032267922,0.0004945411885026729,99.90488387113204,0.008242353141710623,0.570696773207716,0.049454118850270026
PZS,168,0.012170296463758858,0.0012797691204571796,5.987829703536241,0.0012797691204573523,99.79716172560401,0.02132948534096357,1.2170296463758858,0.12797691204571796
PZT,1,2.7819506452299603,0.14174390083591004,3.2180493547700397,0.14174390083591004,53.634155912834,2.362398347265163,278.195064522996,14.174390083591003
SCT,4,2.32643804799262,0.03106431959472,3.67356195200738,0.03106431959472,61.22603253345633,0.5177386599119949,232.643804799262,3.106431959472
SCS,8,2.262786751537655,0.04847900872301513,3.737213248462345,0.04847900872301513,62.28688747437242,0.8079834787169168,226.2786751537655,4.847900872301513
RLT,24,1.3560232093443,0.0034695997038401982,4.6439767906557,0.003469599703840309,77.399613177595,0.05782666173067951,135.60232093443,0.3469599703840198
CLT,48,1.079356453863635,0.05619704226684518,4.920643546136365,0.05619704226684518,82.01072576893941,0.9366173711140888,107.9356453863635,5.619704226684518
PZS,72,0.9861452482716025,0.029084527543402513,5.013854751728397,0.029084527543402405,83.56424586213996,0.48474212572337194,98.61452482716025,2.908452754340251
PZT,168,0.79418406901991,0.028097690515149987,5.205815930980091,0.028097690515150205,86.76359884966817,0.4682948419191675,79.418406901991,2.8097690515149987
