Analysis Code,196 Hg,Dil. Fac 1,Dil. Fac 2,Total Dil. ,,196Hg Orig,
,ppb,,,,,ppb,
1 (1in3 Dil),4.5292408703106,10,3,30,W1-1-A,135.877226109318,
2 (1in3 Dil),4.03773695809759,10,3,30,W1-1-B,121.13210874292771,
3,5.38316679244612,100,1,100,W2-1-A,538.316679244612,
4,5.40350997366445,100,1,100,W2-1-B,540.350997366445,
5,1.07590117116079,2,1,2,W3-1-A,2.15180234232158,
6,4.23045075788724,2,1,2,W3-1-B,8.46090151577448,
7 (1in3 Dil),3.48675413257502,2,3,6,W4-1-A,20.92052479545012,
8 (1in3 Dil),3.26833768093849,2,3,6,W4-1-B,19.61002608563094,
9,2.06836750487409,2,1,2,W5-1-A,4.13673500974818,
10,2.24284821538908,2,1,2,W5-1-B,4.48569643077816,
11,2.92369454606587,100,1,100,W6-1-A,292.369454606587,
12,2.64020674439405,100,1,100,W6-1-B,264.020674439405,
13 (1in3 Dil),3.17192669261073,10,3,30,W1-4-A,95.1578007783219,
14 (1in3 Dil),3.13766631466544,10,3,30,W1-4-B,94.12998943996321,
15,5.3440337754942,100,1,100,W2-4-A,534.40337754942,
16,5.39018464157976,100,1,100,W2-4-B,539.0184641579759,
17,0.911323966974432,2,1,2,W3-4-A,1.822647933948864,
18,0.419491701533495,2,1,2,W3-4-B,0.83898340306699,
19,4.01673285481238,2,1,2,W4-4-A,8.03346570962476,
20,3.60593020637827,2,1,2,W4-4-B,7.21186041275654,
21,0.734677932866302,2,1,2,W5-4-A,1.469355865732604,
22,0.724016009534552,2,1,2,W5-4-B,1.448032019069104,
23,2.2953737283979,100,1,100,W6-4-A,229.53737283978998,
24,2.35750236758734,100,1,100,W6-4-B,235.750236758734,
25 1in3,2.8150959761974,10,3,30,W1-8-A,84.45287928592201,
 26 1in3,2.33087335308133,10,3,30,W1-8-B,69.9262005924399,
27,5.45686667655478,100,1,100,W2-8-A,545.686667655478,
28,5.47086250514494,100,1,100,W2-8-B,547.086250514494,
29,1.44156005583719,2,1,2,W3-8-A,2.88312011167438,
30,1.27213089771862,2,1,2,W3-8-B,2.54426179543724,
31,2.21650307584217,2.0202020202020203,1,2.0202020202020203,W4-8-A,4.477783991600345,
32,2.46023805856541,2.0202020202020203,1,2.0202020202020203,W4-8-B,4.970177896091737,
33,0.467653914233374,2.0202020202020203,1,2.0202020202020203,W5-8-A,0.9447553822896445,
34,0.442936643599932,2.0202020202020203,1,2.0202020202020203,W5-8-B,0.8948215022220849,
35,2.31126576026067,100,1,100,W6-8-A,231.126576026067,
36,2.21430774281464,100,1,100,W6-8-B,221.43077428146398,
37 1in3,4.7746060083804,5,3,15,W1-24-A,71.619090125706,
38 1in3,5.04258043294549,5,3,15,W1-24-B,75.63870649418236,
39 1in3,3.21655640190249,50,3,150,W2-24-A,482.4834602853735,
40 1in3,3.15060163127965,50,3,150,W2-24-B,472.5902446919475,
41,0.655464529699248,2.0202020202020203,1,2.0202020202020203,W3-24-A,1.3241707670691878,
42,0.511478406094578,2.0202020202020203,1,2.0202020202020203,W3-24-B,1.0332897092819757,
43,1.09314266298204,2.0202020202020203,1,2.0202020202020203,W4-24-A,2.2083690161253333,
44,1.19561705752784,2.0202020202020203,1,2.0202020202020203,W4-24-B,2.4153879950057373,
45,0.439268061697068,2.0202020202020203,1,2.0202020202020203,W5-24-A,0.8874102256506425,
46,0.418048069111861,2.0202020202020203,1,2.0202020202020203,W5-24-B,0.8445415537613353,
47,2.70510721928092,50,1,50,W6-24-A,135.255360964046,
48,2.71898561809628,50,1,50,W6-24-B,135.949280904814,
49 1in3,4.86647907007149,5,3,15,W1-48-A,72.99718605107235,
50 1in3,4.05176511828074,5,3,15,W1-48-B,60.776476774211105,
51 1in3,3.10179835990042,50,3,150,W2-48-A,465.269753985063,
52 1in3,3.05374232343745,50,3,150,W2-48-B,458.0613485156175,
53,0.291760223790448,2.0202020202020203,1,2.0202020202020203,W3-48-A,0.5894145935160566,
54,0.23690476400556,2.0202020202020203,1,2.0202020202020203,W3-48-B,0.47859548283951514,
55,0.138811139546578,2.0202020202020203,1,2.0202020202020203,W4-48-A,0.28042654453854143,
56,0.162369188600243,2.0202020202020203,1,2.0202020202020203,W4-48-B,0.32801856282877373,
57,0.423702811139469,2.0202020202020203,1,2.0202020202020203,W5-48-A,0.8559652750292304,
58,0.32975173901909,2.6666666666666665,1,2.6666666666666665,W5-48-B,0.8793379707175732,
59,2.04631882319358,50,1,50,W6-48-A,102.31594115967899,
60,2.27110699226096,50,1,50,W6-48-B,113.55534961304801,
61 1in3,3.22405325876978,5,3,15,W1-72-A,48.3607988815467,
62 1in3,2.61849320378972,5,3,15,W1-72-B,39.277398056845804,
63 1in3,3.03424090685369,50,3,150,W2-72-A,455.1361360280535,
64 1in3,3.02051798548888,50,3,150,W2-72-B,453.077697823332,
65,0.160907729145561,2,1,2,W3-72-A,0.321815458291122,
66,0.159160394102819,2,1,2,W3-72-B,0.318320788205638,
67,0.127667814871525,2,1,2,W4-72-A,0.25533562974305,
68,0.117640698253627,2,1,2,W4-72-B,0.235281396507254,
69,0.310075446028993,2,1,2,W5-72-A,0.620150892057986,
70,0.260621327178723,2,1,2,W5-72-B,0.521242654357446,
71,1.9141214414564,50,1,50,W6-72-A,95.70607207282,
72,2.03045955163001,50,1,50,W6-72-B,101.52297758150051,
73,6.69233211878952,5,1,5,W1-168-A,33.4616605939476,
74,5.69694904668131,5,1,5,W1-168-B,28.484745233406553,
75 1in3,2.94301822820191,50,3,150,W2-168-A,441.4527342302865,
76 1in3,3.05296505615923,50,3,150,W2-168-B,457.94475842388454,
77,0.14125898052917,2,1,2,W3-168-A,0.28251796105834,
78,0.110869498090244,2,1,2,W3-168-B,0.221738996180488,
79,0.0707313794394347,2,1,2,W4-168-A,0.1414627588788694,
80,0.0717761364623327,2,1,2,W4-168-B,0.1435522729246654,
81,0.672503279210802,2,1,2,W5-168-A,1.345006558421604,
82,0.544526367165084,2,1,2,W5-168-B,1.089052734330168,
83,1.64456351907012,50,1,50,W6-168-A,82.228175953506,
84,1.53217275700952,50,1,50,W6-168-B,76.608637850476,
,,,,,,,
3 X,1.76378560733943,10,1,10,W2-1-A Rec.,17.6378560733943,
4 X,1.65080794648344,10,1,10,W2-1-B Rec.,16.5080794648344,
5 X,3.89085817509656,10,1,10,W3-1-A Rec.,38.9085817509656,
6 X,4.08645430960812,10,1,10,W3-1-B Rec.,40.864543096081206,
75 X,1.74857336061657,10,1,10,W2-168-A Rec.,17.485733606165702,
76 X,1.48731969178468,10,1,10,W2-168-B Rec.,14.873196917846801,
77 X,3.85527059418996,10,1,10,W3-168-A Rec.,38.552705941899596,
78 X,4.01588383789783,10,1,10,W3-168-B Rec.,40.1588383789783,
