Sample Code,196Hg Conc.  ,Sample Weight,Solution Volume,196Hg Conc. In Solution   ,196Hg Spike Conc,196Hg Equilbrium Conc. ,196Hg Adsorped,196Hg Adsorped ,Kd,logKd
,ppb (mg/L),(g),mL,mg/kg,mg/kg,mg/L (ppm),mg/kg,%,L/kg,
W1-1-A,135.877226109318,2,20,1.35877226109318,6,0.13587722610931802,4.64122773890682,77.353795648447,34.15751021567653,1.5334862068940018
W1-1-B,121.13210874292771,2,20,1.2113210874292772,6,0.12113210874292772,4.788678912570723,79.81131520951205,39.532696675276114,1.5969564402282896
W1-4-A,95.1578007783219,2,20,0.9515780077832189,6,0.0951578007783219,5.048421992216781,84.14036653694636,53.053159603567394,1.7247112536008389
W1-4-B,94.12998943996321,2,20,0.9412998943996321,6,0.09412998943996322,5.0587001056003675,84.3116684266728,53.74164106144772,1.7303109239700467
W1-8-A,84.45287928592201,2,20,0.8445287928592201,6,0.08445287928592202,5.1554712071407796,85.924520119013,61.04553510468858,1.7856539049671123
W1-8-B,69.9262005924399,2,20,0.699262005924399,6,0.0699262005924399,5.300737994075601,88.34563323459335,75.80474770780972,1.8796964066707453
W1-24-A,71.619090125706,2,20,0.71619090125706,6,0.071619090125706,5.28380909874294,88.063484979049,73.77654602241924,1.8679183191136504
W1-24-B,75.63870649418236,2,20,0.7563870649418236,6,0.07563870649418236,5.243612935058176,87.39354891763628,69.32446597908812,1.840886532801237
W1-48-A,72.99718605107235,2,20,0.7299718605107235,6,0.07299718605107235,5.270028139489277,87.83380232482129,72.19494921081083,1.8585068152067241
W1-48-B,60.776476774211105,2,20,0.6077647677421111,6,0.06077647677421111,5.392235232257889,89.87058720429815,88.72240574738188,1.948033309388258
W1-72-A,48.3607988815467,2,20,0.483607988815467,6,0.0483607988815467,5.516392011184533,91.93986685307554,114.06742938006869,2.057161654411027
W1-72-B,39.277398056845804,2,20,0.3927739805684581,6,0.03927739805684581,5.6072260194315415,93.4537669905257,142.75960977140736,2.1546053521558832
W1-168-A,33.4616605939476,2,20,0.334616605939476,6,0.033461660593947604,5.665383394060524,94.4230565676754,169.30969035903894,2.228681815456963
W1-168-B,28.484745233406553,2,20,0.2848474523340655,6,0.02848474523340655,5.715152547665935,95.25254246109891,200.63906139357974,2.3024154874892266
W2-1-A,538.316679244612,2,20,5.3831667924461195,6,0.5383166792446119,0.6168332075538805,10.28055345923134,1.1458556484250983,0.059129909916633715
W2-1-B,540.350997366445,2,20,5.40350997366445,6,0.540350997366445,0.5964900263355499,9.941500438925832,1.103893634401925,0.04292722899304752
W2-4-A,534.40337754942,2,20,5.3440337754942,6,0.53440337754942,0.6559662245058,10.932770408429999,1.2274739495731166,0.0890122839504452
W2-4-B,539.0184641579759,2,20,5.390184641579759,6,0.5390184641579758,0.6098153584202413,10.163589307004022,1.1313440985233416,0.05359471576674441
W2-8-A,545.686667655478,2,20,5.456866676554781,6,0.5456866676554781,0.5431333234452191,9.052222057420318,0.9953208601902822,-0.0020368937798936684
W2-8-B,547.086250514494,2,20,5.47086250514494,6,0.547086250514494,0.5291374948550596,8.818958247584325,0.9671920914799906,-0.014487263264573764
W2-24-A,482.4834602853735,2,20,4.824834602853735,6,0.4824834602853735,1.175165397146265,19.58608995243775,2.435659445095159,0.3866165649726304
W2-24-B,472.5902446919475,2,20,4.725902446919474,6,0.47259024469194744,1.2740975530805256,21.23495921800876,2.695987840187077,0.4307179290533553
W2-48-A,465.269753985063,2,20,4.65269753985063,6,0.465269753985063,1.3473024601493702,22.455041002489505,2.8957447773246483,0.46176028173641515
W2-48-B,458.0613485156175,2,20,4.580613485156174,6,0.4580613485156174,1.4193865148438256,23.656441914063763,3.0986821294646565,0.4911770275139058
W2-72-A,455.1361360280535,2,20,4.551361360280535,6,0.45513613602805353,1.4486386397194648,24.143977328657748,3.18286887163399,0.502818746852594
W2-72-B,453.077697823332,2,20,4.53077697823332,6,0.45307769782333196,1.4692230217666804,24.487050362778007,3.24276173562525,0.5109150397292118
W2-168-A,441.4527342302865,2,20,4.414527342302865,6,0.44145273423028647,1.5854726576971352,26.424544294952252,3.5914890423355352,0.5552745457350783
W2-168-B,457.94475842388454,2,20,4.579447584238846,6,0.4579447584238846,1.4205524157611542,23.675873596019237,3.102016978314788,0.4916441705144158
W3-1-A,2.15180234232158,2,20,0.0215180234232158,6,0.00215180234232158,5.978481976576784,99.64136627627974,2778.3601955403574,3.4437885483832527
W3-1-B,8.46090151577448,2,20,0.08460901515774481,6,0.008460901515774482,5.915390984842255,98.58984974737092,699.1442902170196,2.844566815199499
W3-4-A,1.822647933948864,2,20,0.018226479339488642,6,0.0018226479339488641,5.981773520660512,99.69622534434185,3281.9138623775134,3.51612717830603
W3-4-B,0.83898340306699,2,20,0.008389834030669901,6,0.0008389834030669901,5.99161016596933,99.86016943282218,7141.512149187199,3.8537901793554346
W3-8-A,2.88312011167438,2,20,0.0288312011167438,6,0.00288312011167438,5.971168798883256,99.5194799813876,2071.0787506579054,3.3161966128123024
W3-8-B,2.54426179543724,2,20,0.0254426179543724,6,0.0025442617954372403,5.974557382045628,99.57595636742712,2348.247885795447,3.370743939999232
W3-24-A,1.3241707670691878,2,20,0.013241707670691877,6,0.0013241707670691876,5.986758292329308,99.77930487215514,4521.13763663573,3.655247728428131
W3-24-B,1.0332897092819757,2,20,0.010332897092819756,6,0.0010332897092819756,5.98966710290718,99.82778504845301,5796.696753197465,3.7631805814027275
W3-48-A,0.5894145935160566,2,20,0.005894145935160566,6,0.0005894145935160566,5.9941058540648395,99.90176423441399,10169.59186284815,4.007303523692687
W3-48-B,0.47859548283951514,2,20,0.004785954828395152,6,0.00047859548283951523,5.995214045171605,99.92023408619342,12526.683305913999,4.097836097920457
W3-72-A,0.321815458291122,2,20,0.0032181545829112197,6,0.000321815458291122,5.996781845417089,99.94636409028482,18634.22558152025,4.2703113486508455
W3-72-B,0.318320788205638,2,20,0.0031832078820563797,6,0.000318320788205638,5.996816792117944,99.94694653529906,18838.910351792507,4.275055779460612
W3-168-A,0.28251796105834,2,20,0.0028251796105833995,6,0.00028251796105833993,5.997174820389416,99.95291367315694,21227.587789191923,4.3269006456326125
W3-168-B,0.221738996180488,2,20,0.00221738996180488,6,0.00022173899618048798,5.997782610038195,99.96304350063659,27048.83991247171,4.432148643549207
W4-1-A,20.92052479545012,2,20,0.2092052479545012,6,0.020920524795450122,5.790794752045499,96.51324586742498,276.79968875852023,2.442165597451869
W4-1-B,19.61002608563094,2,20,0.19610026085630938,6,0.01961002608563094,5.803899739143691,96.73166231906151,295.96593669992325,2.4712417301314633
W4-4-A,8.03346570962476,2,20,0.08033465709624761,6,0.008033465709624762,5.919665342903753,98.66108904839588,736.8756595066436,2.8673942111346253
W4-4-B,7.21186041275654,2,20,0.07211860412756539,6,0.0072118604127565395,5.927881395872435,98.79802326454057,821.9628579315031,2.9148521935013205
W4-8-A,4.477783991600345,2,20,0.04477783991600345,6,0.004477783991600344,5.955222160083997,99.25370266806661,1329.9485127587902,3.123834828141844
W4-8-B,4.970177896091737,2,20,0.049701778960917375,6,0.004970177896091737,5.950298221039082,99.17163701731803,1197.2002502602684,3.0781667989521853
W4-24-A,2.2083690161253333,2,20,0.022083690161253333,6,0.0022083690161253332,5.977916309838747,99.63193849731246,2706.9372311368625,3.4324781854022204
W4-24-B,2.4153879950057373,2,20,0.024153879950057373,6,0.0024153879950057373,5.975846120049942,99.59743533416571,2474.0729573907433,3.393412502295945
W4-48-A,0.28042654453854143,2,20,0.0028042654453854145,6,0.00028042654453854144,5.997195734554615,99.95326224257691,21385.97736681225,4.330129102865634
W4-48-B,0.32801856282877373,2,20,0.0032801856282877375,6,0.00032801856282877373,5.996719814371712,99.94533023952853,18281.647729497585,4.262015336232545
W4-72-A,0.25533562974305,2,20,0.0025533562974305,6,0.00025533562974305,5.9974466437025695,99.9574440617095,23488.483176977436,4.370854972114415
W4-72-B,0.235281396507254,2,20,0.0023528139650725397,6,0.00023528139650725398,5.997647186034928,99.96078643391546,25491.37872806707,4.406393325378982
W4-168-A,0.1414627588788694,2,20,0.001414627588788694,6,0.00014146275887886938,5.9985853724112115,99.97642287352019,42403.98971398284,4.627406720490156
W4-168-B,0.1435522729246654,2,20,0.0014355227292466542,6,0.00014355227292466542,5.998564477270754,99.97607462117922,41786.62138229418,4.621037258094004
W5-1-A,4.13673500974818,2,20,0.0413673500974818,6,0.00413673500974818,5.958632649902518,99.31054416504197,1440.4192281741646,3.158488910140375
W5-1-B,4.48569643077816,2,20,0.0448569643077816,6,0.00448569643077816,5.955143035692219,99.25238392820364,1327.5849419571948,3.1230623178085866
W5-4-A,1.469355865732604,2,20,0.01469355865732604,6,0.001469355865732604,5.985306441342674,99.75510735571123,4073.421953747378,3.6099593996986914
W5-4-B,1.448032019069104,2,20,0.01448032019069104,6,0.001448032019069104,5.985519679809309,99.75866133015515,4133.554784000715,3.6163236979167457
W5-8-A,0.9447553822896445,2,20,0.009447553822896445,6,0.0009447553822896444,5.990552446177103,99.8425407696184,6340.850296781386,3.802147499906841
W5-8-B,0.8948215022220849,2,20,0.008948215022220849,6,0.000894821502222085,5.991051784977779,99.85086308296299,6695.247901509261,3.8257666620447157
W5-24-A,0.8874102256506425,2,20,0.008874102256506426,6,0.0008874102256506425,5.991125897743493,99.85209829572489,6751.247308820275,3.829384017170977
W5-24-B,0.8445415537613353,2,20,0.008445415537613353,6,0.0008445415537613353,5.991554584462387,99.85924307437311,7094.446161681206,3.850918497282697
W5-48-A,0.8559652750292304,2,20,0.008559652750292305,6,0.0008559652750292305,5.991440347249708,99.85733912082847,6999.630150937029,3.8450750932070212
W5-48-B,0.8793379707175732,2,20,0.008793379707175733,6,0.0008793379707175734,5.991206620292824,99.85344367154707,6813.315039044397,3.8333584706295976
W5-72-A,0.620150892057986,2,20,0.00620150892057986,6,0.000620150892057986,5.99379849107942,99.89664151799033,9665.064692866685,3.9852047653134584
W5-72-B,0.521242654357446,2,20,0.00521242654357446,6,0.0005212426543574459,5.994787573456425,99.91312622427375,11500.953583406195,4.060733850687712
W5-168-A,1.345006558421604,2,20,0.013450065584216039,6,0.0013450065584216038,5.986549934415784,99.77583224026306,4450.944790515474,3.64845220733056
W5-168-B,1.089052734330168,2,20,0.01089052734330168,6,0.001089052734330168,5.989109472656699,99.81849121094498,5499.375084293192,3.7403133417010586
W6-1-A,292.369454606587,2,20,2.92369454606587,6,0.29236945460658703,3.07630545393413,51.271757565568834,10.52197965780527,1.0220974578383062
W6-1-B,264.020674439405,2,20,2.64020674439405,6,0.264020674439405,3.35979325560595,55.99655426009916,12.725493042314953,1.1046746178385478
W6-4-A,229.53737283978998,2,20,2.2953737283979,6,0.22953737283978998,3.7046262716021,61.74377119336833,16.139534167221715,1.2078909955951798
W6-4-B,235.750236758734,2,20,2.35750236758734,6,0.235750236758734,3.64249763241266,60.70829387354434,15.450663729938817,1.1889471405931122
W6-8-A,231.126576026067,2,20,2.31126576026067,6,0.231126576026067,3.68873423973933,61.4789039956555,15.959801348518681,1.203027481389455
W6-8-B,221.43077428146398,2,20,2.21430774281464,6,0.221430774281464,3.78569225718536,63.094870953089334,17.096504627551496,1.2329073281620164
W6-24-A,135.255360964046,2,20,1.3525536096404598,6,0.13525536096404597,4.647446390359541,77.45743983932569,34.36053371366877,1.5360599010003309
W6-24-B,135.949280904814,2,20,1.3594928090481402,6,0.135949280904814,4.64050719095186,77.34178651586433,34.1341061906826,1.5331885352370116
W6-48-A,102.31594115967899,2,20,1.02315941159679,6,0.10231594115967899,4.97684058840321,82.9473431400535,48.64188837041652,1.6870104267279267
W6-48-B,113.55534961304801,2,20,1.1355534961304803,6,0.11355534961304803,4.8644465038695195,81.07410839782533,42.83766921105558,1.6318258329274495
W6-72-A,95.70607207282,2,20,0.9570607207282,6,0.09570607207282,5.0429392792718,84.04898798786333,52.691947021237816,1.721744246493779
W6-72-B,101.52297758150051,2,20,1.015229775815005,6,0.1015229775815005,4.984770224184995,83.07950373641658,49.09992144569762,1.6910807973016375
W6-168-A,82.228175953506,2,20,0.82228175953506,6,0.082228175953506,5.17771824046494,86.295304007749,62.96768936468395,1.7991177569104613
W6-168-B,76.608637850476,2,20,0.76608637850476,6,0.076608637850476,5.23391362149524,87.23189369158733,68.32014989890229,1.8345488105526508
