Sample,,,,,,,,,196  Hg  [ He Hg ] ,,103  Rh ( ISTD )  [ He Hg ] ,,115  In ( ISTD )  [ He Hg ] ,
,Rjct,Data File,Acq. Date-Time,Type,Level,Sample Name,Dilution,Vial Number,Conc. [ ppb ],Conc. RSD,Conc.,Conc. RSD,Conc.,Conc. RSD
,False,001SMPL.d,2016-06-01 11:17:11,Sample,,rinse,1,5,,,,,,
,False,002CALB.d,2016-06-01 11:22:00,CalBlk,1,0 ppb,1,3501,<0.001,N/A,,,,
,False,003CALS.d,2016-06-01 11:26:54,CalStd,2, 0.1 ppb,1,3502,0.105468335783212,1.29686438995533,,,,
,False,004CALS.d,2016-06-01 11:31:44,CalStd,3,0.5 ppb,1,3503,0.513083946559838,0.600402390587567,,,,
,False,005CALS.d,2016-06-01 11:36:37,CalStd,4, 1 ppb,1,3504,1.01553540761404,0.247222820553106,,,,
,False,006CALS.d,2016-06-01 11:41:26,CalStd,5,2 ppb,1,3505,2.01497443340733,0.509664291656534,,,,
,False,007CALS.d,2016-06-01 11:46:20,CalStd,6,5 ppb ,1,3506,4.98948538374261,0.437967744597361,,,,
,False,008SMPL.d,2016-06-01 11:51:09,Sample,,rinse,1,5,0.0128088125580539,3.06706702085339,,,,
,False,009SMPL.d,2016-06-01 11:56:03,Sample,,1,1,2101,13.9120096319489,0.525347189628221,,,,
,False,010SMPL.d,2016-06-01 12:00:51,Sample,,2,1,2102,12.7976381164534,0.593172790084334,,,,
,False,011SMPL.d,2016-06-01 12:05:43,Sample,,3,1,2103,5.38316679244612,1.12545111966226,,,,
,False,012SMPL.d,2016-06-01 12:10:32,Sample,,4,1,2104,5.40350997366445,0.554500898573423,,,,
,False,013SMPL.d,2016-06-01 12:15:25,Sample,,5,1,2105,1.07590117116079,0.523696834775856,,,,
,False,014SMPL.d,2016-06-01 12:20:13,Sample,,6,1,2106,4.23045075788724,0.689293770695012,,,,
,False,015SMPL.d,2016-06-01 12:25:06,Sample,,7,1,2107,11.5815775961806,0.492847644515728,,,,
,False,016SMPL.d,2016-06-01 12:29:55,Sample,,8,1,2108,10.7134144124102,0.296044770304103,,,,
,False,017SMPL.d,2016-06-01 12:34:48,Sample,,9,1,2109,2.06836750487409,0.194959538148678,,,,
,False,018SMPL.d,2016-06-01 12:39:37,Sample,,10,1,2110,2.24284821538908,0.629354547093864,,,,
,False,019SMPL.d,2016-06-01 12:44:31,Sample,,11,1,2111,2.92369454606587,0.371310398810134,,,,
,False,020SMPL.d,2016-06-01 12:49:20,Sample,,12,1,2112,2.64020674439405,0.311855369894303,,,,
,False,021SMPL.d,2016-06-01 12:54:13,Sample,,13,1,2201,10.36572067563,0.655734275732635,,,,
,False,022SMPL.d,2016-06-01 12:59:00,Sample,,rinse,1,5,0.0933470608022912,0.734952036259661,,,,
,False,023CALS.d,2016-06-01 13:03:54,CalStd,, 1 ppb,1,3504,1.13353818398376,0.334028053244138,,,,
,False,024SMPL.d,2016-06-01 13:08:43,Sample,,14,1,2202,10.1646603589992,0.622663215283409,,,,
,False,025SMPL.d,2016-06-01 13:13:35,Sample,,15,1,2203,5.3440337754942,0.702412698986377,,,,
,False,026SMPL.d,2016-06-01 13:18:23,Sample,,16,1,2204,5.39018464157976,0.419194838331478,,,,
,False,027SMPL.d,2016-06-01 13:23:15,Sample,,17,1,2205,0.911323966974432,0.457570885544649,,,,
,False,028SMPL.d,2016-06-01 13:28:03,Sample,,18,1,2206,0.419491701533495,0.592101079281238,,,,
,False,029SMPL.d,2016-06-01 13:32:55,Sample,,19,1,2207,4.01673285481238,0.394443929042691,,,,
,False,030SMPL.d,2016-06-01 13:37:42,Sample,,20,1,2208,3.60593020637827,0.544513944272195,,,,
,False,031SMPL.d,2016-06-01 13:42:35,Sample,,21,1,2209,0.734677932866302,0.710015127422334,,,,
,False,032SMPL.d,2016-06-01 13:47:24,Sample,,22,1,2210,0.724016009534552,0.883813072275861,,,,
,False,033SMPL.d,2016-06-01 13:52:17,Sample,,23,1,2211,2.2953737283979,0.572903116721212,,,,
,False,034SMPL.d,2016-06-01 13:57:06,Sample,,24,1,2212,2.35750236758734,0.375286066230128,,,,
,False,035SMPL.d,2016-06-01 14:02:00,Sample,,25,1,2301,9.01972970058393,1.11867018584927,,,,
,False,036SMPL.d,2016-06-01 14:06:49,Sample,,26,1,2302,7.5263976900707,0.479228129768652,,,,
,False,037SMPL.d,2016-06-01 14:11:41,Sample,,27,1,2303,5.45686667655478,0.248360911824147,,,,
,False,038SMPL.d,2016-06-01 14:16:31,Sample,,28,1,2304,5.47086250514494,0.372811934855126,,,,
,False,039SMPL.d,2016-06-01 14:21:24,Sample,,rinse,1,5,0.0775087243917632,0.771934029247204,,,,
,False,040CALS.d,2016-06-01 14:26:15,CalStd,, 1 ppb,1,3504,1.12548193696928,0.344084773714776,,,,
,False,041SMPL.d,2016-06-01 14:31:10,Sample,,29,1,2305,1.44156005583719,0.794746243998547,,,,
,False,042SMPL.d,2016-06-01 14:35:59,Sample,,30,1,2306,1.27213089771862,0.323989443341767,,,,
,False,043SMPL.d,2016-06-01 14:40:53,Sample,,31,1,2307,2.21650307584217,0.739257640828386,,,,
,False,044SMPL.d,2016-06-01 14:45:43,Sample,,32,1,2308,2.46023805856541,0.452572825343325,,,,
,False,045SMPL.d,2016-06-01 14:50:36,Sample,,33,1,2309,0.467653914233374,0.427377312943501,,,,
,False,046SMPL.d,2016-06-01 14:55:25,Sample,,34,1,2310,0.442936643599932,0.686253730611562,,,,
,False,047SMPL.d,2016-06-01 15:00:18,Sample,,35,1,2311,2.31126576026067,0.413248663298666,,,,
,False,048SMPL.d,2016-06-01 15:05:07,Sample,,36,1,2312,2.21430774281464,0.608530267632925,,,,
,False,049SMPL.d,2016-06-01 15:10:00,Sample,,37,1,2401,15.2774701921429,1.26289165400834,,,,
,False,050SMPL.d,2016-06-01 15:14:49,Sample,,38,1,2402,16.2057624936347,0.450765621451165,,,,
,False,051SMPL.d,2016-06-01 15:19:41,Sample,,39,1,2403,10.1926187199975,0.645384250062973,,,,
,False,052SMPL.d,2016-06-01 15:24:28,Sample,,40,1,2404,10.0182417563843,0.430906111733716,,,,
,False,053SMPL.d,2016-06-01 15:29:20,Sample,,41,1,2405,0.655464529699248,1.23202748521675,,,,
,False,054SMPL.d,2016-06-01 15:34:07,Sample,,42,1,2406,0.511478406094578,0.891681958936619,,,,
,False,055SMPL.d,2016-06-01 15:38:59,Sample,,43,1,2407,1.09314266298204,0.624756767361761,,,,
,False,056SMPL.d,2016-06-01 15:43:46,Sample,,rinse,1,5,0.0860262235578908,1.47723472955292,,,,
,False,057CALS.d,2016-06-01 15:48:40,CalStd,, 1 ppb,1,3504,1.13610756317562,0.733970760556811,,,,
,False,058SMPL.d,2016-06-01 15:53:30,Sample,,44,1,2408,1.19561705752784,0.545906918809962,,,,
,False,059SMPL.d,2016-06-01 15:58:22,Sample,,45,1,2409,0.439268061697068,0.335784936044471,,,,
,False,060SMPL.d,2016-06-01 16:03:09,Sample,,46,1,2410,0.418048069111861,1.42391454175075,,,,
,False,061SMPL.d,2016-06-01 16:08:03,Sample,,47,1,2411,2.70510721928092,1.0495233448356,,,,
,False,062SMPL.d,2016-06-01 16:12:50,Sample,,48,1,2412,2.71898561809628,0.290323220159334,,,,
,False,063SMPL.d,2016-06-01 16:17:44,Sample,,49,1,2501,15.4032789225541,0.478675721958881,,,,
,False,064SMPL.d,2016-06-01 16:22:34,Sample,,50,1,2502,12.9681287868624,2.00362588467763,,,,
,False,065SMPL.d,2016-06-01 16:27:27,Sample,,51,1,2503,9.7908499116286,0.255808452927365,,,,
,False,066SMPL.d,2016-06-01 16:32:15,Sample,,52,1,2504,9.70321496803443,0.386246726795844,,,,
,False,067SMPL.d,2016-06-01 16:37:10,Sample,,53,1,2505,0.291760223790448,0.356231744707955,,,,
,False,068SMPL.d,2016-06-01 16:41:58,Sample,,54,1,2506,0.23690476400556,1.00344522338675,,,,
,False,069SMPL.d,2016-06-01 16:46:51,Sample,,55,1,2507,0.138811139546578,1.24531296300004,,,,
,False,070SMPL.d,2016-06-01 16:51:38,Sample,,56,1,2508,0.162369188600243,1.24580736719486,,,,
,False,071SMPL.d,2016-06-01 16:56:31,Sample,,57,1,2509,0.423702811139469,0.368058277008775,,,,
,False,072SMPL.d,2016-06-01 17:01:20,Sample,,58,1,2510,0.32975173901909,0.549664707963835,,,,
,False,073SMPL.d,2016-06-01 17:06:13,Sample,,rinse,1,5,0.0527472255681165,1.56799591820779,,,,
,False,074CALS.d,2016-06-01 17:11:03,CalStd,, 1 ppb,1,3504,1.07313994594194,0.662704821005578,,,,
,False,075SMPL.d,2016-06-01 17:15:56,Sample,,59,1,2511,2.04631882319358,0.375011939861171,,,,
,False,076SMPL.d,2016-06-01 17:20:45,Sample,,60,1,2512,2.27110699226096,0.458594389400614,,,,
,False,077SMPL.d,2016-06-01 17:25:38,Sample,,61,1,3101,10.2810152601659,0.367775284437106,,,,
,False,078SMPL.d,2016-06-01 17:30:27,Sample,,63,1,3103,9.43935930261353,0.711459961711064,,,,
,False,079SMPL.d,2016-06-01 17:35:20,Sample,,73,1,3201,6.69233211878952,0.662340540387012,,,,
,False,080SMPL.d,2016-06-01 17:40:10,Sample,,75,1,3203,9.19853569945763,0.426152651602084,,,,
,True,081SMPL.d,2016-06-01 17:45:03,Sample,,64,1,3104,,,,,,
,False,082SMPL.d,2016-06-01 17:49:51,Sample,,65,1,3105,0.160907729145561,0.821927536693212,,,,
,False,083SMPL.d,2016-06-01 17:54:45,Sample,,66,1,3106,0.159160394102819,1.25488396838853,,,,
,False,084SMPL.d,2016-06-01 17:59:34,Sample,,67,1,3107,0.127667814871525,1.33762862089045,,,,
,False,085SMPL.d,2016-06-01 18:04:28,Sample,,68,1,3108,0.117640698253627,0.925498973842964,,,,
,False,086SMPL.d,2016-06-01 18:09:17,Sample,,69,1,3109,0.310075446028993,0.652640495512691,,,,
,False,087SMPL.d,2016-06-01 18:14:10,Sample,,70,1,3110,0.260621327178723,0.585296693882307,,,,
,False,088SMPL.d,2016-06-01 18:19:00,Sample,,71,1,3111,1.9141214414564,0.515801365942093,,,,
,False,089SMPL.d,2016-06-01 18:23:54,Sample,,72,1,3112,2.03045955163001,0.462771608593277,,,,
,False,090SMPL.d,2016-06-01 18:28:43,Sample,,rinse,1,5,0.0447164508473439,1.44441276746044,,,,
,False,091CALS.d,2016-06-01 18:33:37,CalStd,, 1 ppb,1,3504,1.03273538638439,0.258189635088203,,,,
,False,092SMPL.d,2016-06-01 18:38:28,Sample,,74,1,3202,5.69694904668131,0.68790289368542,,,,
,False,093SMPL.d,2016-06-01 18:43:22,Sample,,77,1,3205,0.14125898052917,0.666081487432409,,,,
,False,094SMPL.d,2016-06-01 18:48:10,Sample,,78,1,3206,0.110869498090244,1.61262444494594,,,,
,False,095SMPL.d,2016-06-01 18:53:03,Sample,,79,1,3207,0.0707313794394347,1.87396646294094,,,,
,False,096SMPL.d,2016-06-01 18:57:51,Sample,,80,1,3208,0.0717761364623327,0.607806828248495,,,,
,False,097SMPL.d,2016-06-01 19:02:44,Sample,,81,1,3209,0.672503279210802,0.692703328380871,,,,
,False,098SMPL.d,2016-06-01 19:07:32,Sample,,82,1,3210,0.544526367165084,0.192424420456796,,,,
,False,099SMPL.d,2016-06-01 19:12:25,Sample,,83,1,3211,1.64456351907012,0.662521797927817,,,,
,False,100SMPL.d,2016-06-01 19:17:14,Sample,,84,1,3212,1.53217275700952,0.910829532809355,,,,
,False,101SMPL.d,2016-06-01 19:22:07,Sample,,3 X,1,3301,1.76378560733943,0.545435467438806,,,,
,False,102SMPL.d,2016-06-01 19:26:55,Sample,,4 X,1,3302,1.65080794648344,0.807581432536098,,,,
,False,103SMPL.d,2016-06-01 19:31:48,Sample,,5 X,1,3303,3.89085817509656,0.393244102490628,,,,
,False,104SMPL.d,2016-06-01 19:36:36,Sample,,6 X,1,3304,4.08645430960812,0.39590411157515,,,,
,False,105SMPL.d,2016-06-01 19:41:31,Sample,,75 X,1,3305,1.74857336061657,0.834609102736416,,,,
,False,106SMPL.d,2016-06-01 19:46:20,Sample,,76 X,1,3306,1.48731969178468,0.599749432564996,,,,
,False,107SMPL.d,2016-06-01 19:51:15,Sample,,rinse,1,5,0.0582284487590327,3.70797392935194,,,,
,False,108CALS.d,2016-06-01 19:56:06,CalStd,, 1 ppb,1,3504,1.02435232233922,0.4676230462957,,,,
,False,109SMPL.d,2016-06-01 20:01:01,Sample,,77 X,1,3307,3.85527059418996,0.397642495010592,,,,
,False,110SMPL.d,2016-06-01 20:05:49,Sample,,78 X,1,3308,4.01588383789783,0.234825231235296,,,,
,False,111SMPL.d,2016-06-01 20:10:43,Sample,,1 (1in3 Dil),1,3309,4.5292408703106,0.377688077414939,,,,
,False,112SMPL.d,2016-06-01 20:15:32,Sample,,2 (1in3 Dil),1,3310,4.03773695809759,0.328438448837773,,,,
,False,113SMPL.d,2016-06-01 20:20:25,Sample,,7 (1in3 Dil),1,3311,3.48675413257502,0.58210469794613,,,,
,False,114SMPL.d,2016-06-01 20:25:15,Sample,,8 (1in3 Dil),1,3312,3.26833768093849,0.510286811277337,,,,
,False,115SMPL.d,2016-06-01 20:30:08,Sample,,13 (1in3 Dil),1,3401,3.17192669261073,0.470740524441014,,,,
,False,116SMPL.d,2016-06-01 20:34:56,Sample,,14 (1in3 Dil),1,3402,3.13766631466544,1.06415789576267,,,,
,False,117SMPL.d,2016-06-01 20:39:50,Sample,,25 1in3,1,3403,2.8150959761974,0.64933466353467,,,,
,False,118SMPL.d,2016-06-01 20:44:40,Sample,, 26 1in3,1,3404,2.33087335308133,0.77086810995786,,,,
,False,119SMPL.d,2016-06-01 20:49:33,Sample,,37 1in3,1,3405,4.7746060083804,0.766379279977998,,,,
,False,120SMPL.d,2016-06-01 20:54:21,Sample,,38 1in3,1,3406,5.04258043294549,0.618594193155681,,,,
,False,121SMPL.d,2016-06-01 20:59:15,Sample,,39 1in3,1,3407,3.21655640190249,1.72612540537383,,,,
,False,122SMPL.d,2016-06-01 21:04:04,Sample,,40 1in3,1,3408,3.15060163127965,1.10769510082183,,,,
,False,123SMPL.d,2016-06-01 21:08:58,Sample,,49 1in3,1,3409,4.86647907007149,0.632048482054304,,,,
,False,124SMPL.d,2016-06-01 21:13:47,Sample,,rinse,1,5,0.0911386522354924,1.04668400040772,,,,
,False,125CALS.d,2016-06-01 21:18:41,CalStd,, 1 ppb,1,3504,1.01046359884941,1.55910723619612,,,,
,False,126SMPL.d,2016-06-01 21:23:30,Sample,,50 1in3,1,3410,4.05176511828074,0.654110385442468,,,,
,False,127SMPL.d,2016-06-01 21:28:24,Sample,,51 1in3,1,3411,3.10179835990042,0.401846487929862,,,,
,False,128SMPL.d,2016-06-01 21:33:14,Sample,,52 1in3,1,3412,3.05374232343745,0.546144833096422,,,,
,False,129SMPL.d,2016-06-01 21:38:08,Sample,,61 1in3,1,3507,3.22405325876978,0.428172230181851,,,,
,False,130SMPL.d,2016-06-01 21:42:57,Sample,,62 1in3,1,3508,2.61849320378972,0.573791797901707,,,,
,False,131SMPL.d,2016-06-01 21:47:52,Sample,,63 1in3,1,3509,3.03424090685369,0.377873008237635,,,,
,False,132SMPL.d,2016-06-01 21:52:41,Sample,,64 1in3,1,3510,3.02051798548888,0.351598846841287,,,,
,False,133SMPL.d,2016-06-01 21:57:35,Sample,,75 1in3,1,3511,2.94301822820191,0.376873772876541,,,,
,False,007SMPL.d,2016-06-02 11:23:58,Sample,,76 1in3,1,3512,3.05296505615923,0.171876577073654,,,,
